scenario,sim_id,aic
M1,1,5738.076204
M1,2,5593.210497
M1,3,5635.136193
M1,4,5678.61251
M1,5,5386.598493
M1,6,5759.746368
M1,7,5661.636807
M1,8,5637.247424
M1,9,5681.110298
M1,10,5431.000612
M1,11,5912.932614
M1,12,5675.196349
M1,13,5717.386852
M1,14,5563.29312
M1,15,5783.647425
M1,16,5602.841599
M1,17,5611.797578
M1,18,5566.946499
M1,19,5625.566101
M1,20,5735.787953
M1,21,5657.526818
M1,22,5510.920864
M1,23,5555.050193
M1,24,5480.490685
M1,25,5522.23953
M1,26,5588.76383
M1,27,5569.05923
M1,28,5473.833151
M1,29,5550.526676
M1,30,5461.220832
M1,31,5588.97536
M1,32,5741.086336
M1,33,5727.474735
M1,34,5426.24688
M1,35,5549.475155
M1,36,5754.252679
M1,37,5737.670005
M1,38,5637.045796
M1,39,5726.619095
M1,40,5762.520973
M1,41,5553.924123
M1,42,5473.338287
M1,43,5680.090191
M1,44,5804.521721
M1,45,5843.792406
M1,46,5517.312772
M1,47,5574.866424
M1,48,5635.508193
M1,49,5636.502886
M1,50,5589.348215
M1,51,5752.841823
M1,52,5608.303446
M1,53,5420.497715
M1,54,5643.824834
M1,55,5653.27807
M1,56,5609.204203
M1,57,5665.869508
M1,58,5702.611901
M1,59,5488.351616
M1,60,5837.377618
M1,61,5554.347482
M1,62,5575.469425
M1,63,5546.200371
M1,64,5550.042692
M1,65,5470.657136
M1,66,5487.411395
M1,67,5600.23171
M1,68,5478.721784
M1,69,5515.338475
M1,70,5492.454422
M1,71,5640.562118
M1,72,5736.260656
M1,73,5799.688427
M1,74,5402.221281
M1,75,5487.185589
M1,76,5446.310057
M1,77,5579.684984
M1,78,5506.203935
M1,79,5805.124867
M1,80,5425.584612
M1,81,5597.596138
M1,82,5621.141817
M1,83,5812.096863
M1,84,5666.635039
M1,85,5536.24538
M1,86,5582.208771
M1,87,5825.063966
M1,88,5580.860222
M1,89,5812.044242
M1,90,5575.837174
M1,91,5536.871337
M1,92,5777.289996
M1,93,5533.682069
M1,94,5384.11434
M1,95,5686.696732
M1,96,5451.927984
M1,97,5650.755997
M1,98,5769.743
M1,99,5663.169868
M1,100,5418.767349
M1,101,5690.505924
M1,102,5538.187428
M1,103,5445.589415
M1,104,5789.218452
M1,105,5572.910016
M1,106,5616.425119
M1,107,5488.055167
M1,108,5407.476577
M1,109,5706.397585
M1,110,5891.837601
M1,111,5421.433224
M1,112,5679.800345
M1,113,5791.139823
M1,114,5562.904352
M1,115,5721.601644
M1,116,5506.723616
M1,117,5639.024762
M1,118,5285.5855
M1,119,5720.979441
M1,120,5591.460435
M1,121,5595.911939
M1,122,5597.499679
M1,123,5427.669195
M1,124,5502.280242
M1,125,5681.810416
M1,126,5462.543445
M1,127,5538.034416
M1,128,5635.146876
M1,129,5630.074437
M1,130,5353.2693
M1,131,5745.926887
M1,132,5622.917403
M1,133,5440.619931
M1,134,5665.459274
M1,135,5552.666503
M1,136,5513.890235
M1,137,5455.84192
M1,138,5373.79283
M1,139,5568.495737
M1,140,5620.815069
M1,141,5651.703889
M1,142,5657.872615
M1,143,5700.105916
M1,144,5850.455943
M1,145,5405.194068
M1,146,5571.925852
M1,147,5615.712735
M1,148,5556.383884
M1,149,5676.805736
M1,150,5573.513952
M1,151,5325.042536
M1,152,5691.12439
M1,153,5628.032485
M1,154,5721.48732
M1,155,5459.324213
M1,156,5644.089189
M1,157,5527.666977
M1,158,5606.440687
M1,159,5581.623535
M1,160,5760.033774
M1,161,5483.661008
M1,162,5544.405624
M1,163,5450.013305
M1,164,5734.376093
M1,165,5470.90538
M1,166,5546.377807
M1,167,5453.275889
M1,168,5586.437408
M1,169,5576.421728
M1,170,5444.263216
M1,171,5722.391206
M1,172,5825.028626
M1,173,5539.154723
M1,174,5506.41245
M1,175,5409.471005
M1,176,5656.360944
M1,177,5832.360767
M1,178,5461.480924
M1,179,5412.202148
M1,180,5617.455194
M1,181,5633.841061
M1,182,5645.82755
M1,183,5414.127418
M1,184,5314.946674
M1,185,5482.242355
M1,186,5820.348611
M1,187,5695.392795
M1,188,5458.672348
M1,189,5589.726546
M1,190,5494.938221
M1,191,5695.550291
M1,192,5681.770228
M1,193,5477.245157
M1,194,5726.591086
M1,195,5636.207941
M1,196,5588.635664
M1,197,5569.251429
M1,198,5750.040707
M1,199,5454.11412
M1,200,5652.119651
M1,201,5692.573877
M1,202,5497.169
M1,203,5381.280121
M1,204,5637.139685
M1,205,5720.051602
M1,206,5712.163488
M1,207,5500.444221
M1,208,5358.185887
M1,209,5411.647031
M1,210,5534.749997
M1,211,5627.190125
M1,212,5399.99074
M1,213,5725.894093
M1,214,5687.074602
M1,215,5658.67012
M1,216,5654.52377
M1,217,5695.00717
M1,218,5738.306531
M1,219,5800.351237
M1,220,5547.763753
M1,221,5736.718843
M1,222,5762.637469
M1,223,5422.522423
M1,224,5402.250401
M1,225,5771.195911
M1,226,5733.390624
M1,227,5741.634865
M1,228,5632.999334
M1,229,5447.429182
M1,230,5502.087556
M1,231,5446.000143
M1,232,5624.976055
M1,233,5777.68014
M1,234,5411.337808
M1,235,5790.348524
M1,236,5718.566236
M1,237,5400.073697
M1,238,5467.68058
M1,239,5545.050685
M1,240,5635.56493
M1,241,5604.617214
M1,242,5561.772259
M1,243,5538.32991
M1,244,5610.237439
M1,245,5772.356321
M1,246,5522.613603
M1,247,5660.929374
M1,248,5500.453457
M1,249,5468.105247
M1,250,5302.03133
M1,251,5674.67818
M1,252,5485.062921
M1,253,5639.481001
M1,254,5624.282631
M1,255,5379.999904
M1,256,5717.936359
M1,257,5467.427549
M1,258,5694.079257
M1,259,5639.995162
M1,260,5523.064482
M1,261,5707.43574
M1,262,5633.889432
M1,263,5781.315689
M1,264,5697.937512
M1,265,5524.490829
M1,266,5612.903423
M1,267,5876.2983
M1,268,5685.120801
M1,269,5530.862555
M1,270,5787.521686
M1,271,5721.511182
M1,272,5610.674772
M1,273,5632.817816
M1,274,5660.246053
M1,275,5642.612157
M1,276,5744.642324
M1,277,5619.440302
M1,278,5699.144425
M1,279,5519.025613
M1,280,5697.205149
M1,281,5576.951399
M1,282,5552.916152
M1,283,5462.718592
M1,284,5543.098525
M1,285,5443.374079
M1,286,5417.895352
M1,287,5339.234351
M1,288,5714.207541
M1,289,5353.247551
M1,290,5571.85272
M1,291,5431.101272
M1,292,5496.026803
M1,293,5440.113883
M1,294,5600.737869
M1,295,5573.747168
M1,296,5599.387409
M1,297,5523.979123
M1,298,5700.99906
M1,299,5579.176613
M1,300,5821.333974
M1,301,5729.955272
M1,302,5607.468929
M1,303,5613.164507
M1,304,5624.839208
M1,305,5554.762367
M1,306,5670.678778
M1,307,5491.812192
M1,308,5757.816321
M1,309,5689.969676
M1,310,5547.48858
M1,311,5734.024853
M1,312,5420.77433
M1,313,5545.176505
M1,314,5574.82366
M1,315,5475.302978
M1,316,5421.115773
M1,317,5526.277597
M1,318,5877.364892
M1,319,5557.963397
M1,320,5259.529561
M1,321,5410.964941
M1,322,5818.907339
M1,323,5521.265175
M1,324,5519.72923
M1,325,5685.549883
M1,326,5614.567511
M1,327,5533.328092
M1,328,5344.634987
M1,329,5467.095404
M1,330,5722.392558
M1,331,5477.465294
M1,332,5427.80242
M1,333,5709.086135
M1,334,5751.935548
M1,335,5770.564509
M1,336,5498.555256
M1,337,5163.018377
M1,338,5460.380981
M1,339,5505.141036
M1,340,5441.828018
M1,341,5624.789953
M1,342,5763.25045
M1,343,5492.852916
M1,344,5490.348908
M1,345,5660.53293
M1,346,5575.255188
M1,347,5485.434368
M1,348,5614.149021
M1,349,5549.521191
M1,350,5680.779899
M1,351,5672.635122
M1,352,5501.469073
M1,353,5540.07645
M1,354,5521.8552
M1,355,5639.954315
M1,356,5888.255537
M1,357,5414.565088
M1,358,5544.891758
M1,359,5715.616465
M1,360,5844.226358
M1,361,5515.755857
M1,362,5616.530707
M1,363,5499.499716
M1,364,5575.108943
M1,365,5454.136057
M1,366,5423.343117
M1,367,5598.15819
M1,368,5504.572045
M1,369,5668.977513
M1,370,5461.971851
M1,371,5624.215536
M1,372,5674.561636
M1,373,5332.727991
M1,374,5658.259092
M1,375,5525.874661
M1,376,5562.192447
M1,377,5551.120527
M1,378,5497.723702
M1,379,5520.730345
M1,380,5490.917213
M1,381,5605.451585
M1,382,5431.40395
M1,383,5519.029577
M1,384,5730.582447
M1,385,5409.411266
M1,386,5509.55036
M1,387,5569.012356
M1,388,5511.217632
M1,389,5684.934871
M1,390,5579.438296
M1,391,5925.889714
M1,392,5626.511333
M1,393,5643.541708
M1,394,5728.039135
M1,395,5721.462735
M1,396,5485.38884
M1,397,5779.416392
M1,398,5604.617834
M1,399,5655.792818
M1,400,5629.478678
M1,401,5482.880377
M1,402,5765.836469
M1,403,5680.192136
M1,404,5617.959734
M1,405,5288.412942
M1,406,5457.935388
M1,407,5400.20074
M1,408,5805.606987
M1,409,5444.57997
M1,410,5681.353183
M1,411,5608.974748
M1,412,5594.999378
M1,413,5502.508634
M1,414,5597.908936
M1,415,5467.76518
M1,416,5635.142109
M1,417,5361.406957
M1,418,5510.399829
M1,419,5641.663546
M1,420,5308.564978
M1,421,5483.327207
M1,422,5588.15813
M1,423,5708.446805
M1,424,5708.367521
M1,425,5746.045021
M1,426,5649.631208
M1,427,5506.34853
M1,428,5993.267233
M1,429,5700.236813
M1,430,5761.733395
M1,431,5493.32484
M1,432,5542.308921
M1,433,5595.994665
M1,434,5364.266887
M1,435,5555.228233
M1,436,5648.352567
M1,437,5381.764168
M1,438,5459.62564
M1,439,5425.24003
M1,440,5711.954853
M1,441,5583.148446
M1,442,5440.583155
M1,443,5666.080921
M1,444,5797.361752
M1,445,5919.924476
M1,446,5616.861965
M1,447,5566.852241
M1,448,5595.154393
M1,449,5758.389615
M1,450,5578.303811
M1,451,5556.639503
M1,452,5620.539428
M1,453,5612.987938
M1,454,5206.530448
M1,455,5499.809273
M1,456,5443.583306
M1,457,5488.022779
M1,458,5719.149309
M1,459,5593.63183
M1,460,5650.037406
M1,461,5752.08412
M1,462,5636.129659
M1,463,5602.602068
M1,464,5448.602081
M1,465,5534.478547
M1,466,5498.051114
M1,467,5958.887979
M1,468,5754.941087
M1,469,5632.418732
M1,470,5387.075629
M1,471,5588.955227
M1,472,5637.155796
M1,473,5486.311669
M1,474,5544.456358
M1,475,5457.397915
M1,476,5508.636761
M1,477,5318.740679
M1,478,5470.06491
M1,479,5698.720263
M1,480,5512.707297
M1,481,5487.116352
M1,482,5693.813622
M1,483,5431.462322
M1,484,5584.989115
M1,485,5533.89328
M1,486,5368.874624
M1,487,5654.745909
M1,488,5609.4425
M1,489,5605.51303
M1,490,5386.345224
M1,491,5668.468778
M1,492,5490.520169
M1,493,5508.352254
M1,494,5571.796983
M1,495,5586.333053
M1,496,5568.970154
M1,497,5727.761716
M1,498,5502.369544
M1,499,5628.008735
M1,500,5622.431177
M1,501,5559.523215
M1,502,5493.58542
M1,503,5467.828171
M1,504,5571.260798
M1,505,5482.881861
M1,506,5633.380531
M1,507,5606.674342
M1,508,5557.414835
M1,509,5697.769292
M1,510,5543.996887
M1,511,5556.995688
M1,512,5467.508443
M1,513,5516.399534
M1,514,5616.30493
M1,515,5643.491503
M1,516,5719.328573
M1,517,5420.101172
M1,518,5703.657016
M1,519,5624.482848
M1,520,5417.481973
M1,521,5542.63926
M1,522,5948.77742
M1,523,5682.630829
M1,524,5484.504731
M1,525,5425.776466
M1,526,5572.632498
M1,527,5682.827436
M1,528,5586.03743
M1,529,5498.019628
M1,530,5439.45575
M1,531,5597.594188
M1,532,5693.471028
M1,533,5727.219233
M1,534,5778.900522
M1,535,5469.173921
M1,536,5432.918183
M1,537,5640.190416
M1,538,5369.771423
M1,539,5687.97463
M1,540,5739.182587
M1,541,5673.326923
M1,542,5568.502824
M1,543,5684.06214
M1,544,5821.408026
M1,545,5451.848829
M1,546,5662.899775
M1,547,5444.873637
M1,548,5494.417037
M1,549,5720.787338
M1,550,5469.066369
M1,551,5741.784686
M1,552,5602.174166
M1,553,5806.646517
M1,554,5497.993206
M1,555,5413.596464
M1,556,5586.555278
M1,557,5552.201891
M1,558,5765.780453
M1,559,5509.044127
M1,560,5510.663334
M1,561,5655.340986
M1,562,5519.391208
M1,563,5331.190544
M1,564,5526.309009
M1,565,5597.900116
M1,566,5562.773526
M1,567,5550.350398
M1,568,5443.017166
M1,569,5534.70426
M1,570,5521.009147
M1,571,5752.158287
M1,572,5584.925769
M1,573,5581.859746
M1,574,5817.737056
M1,575,5501.897765
M1,576,5697.142526
M1,577,5848.666368
M1,578,5639.813196
M1,579,5566.354239
M1,580,5592.317063
M1,581,5494.422895
M1,582,5725.152321
M1,583,5488.889832
M1,584,5867.269583
M1,585,5629.499348
M1,586,5728.481462
M1,587,5405.964604
M1,588,5664.619459
M1,589,5484.98415
M1,590,5689.910428
M1,591,5776.372694
M1,592,5605.25859
M1,593,5628.81808
M1,594,5517.943272
M1,595,5648.562306
M1,596,5448.091463
M1,597,5584.722915
M1,598,5422.340953
M1,599,5661.469233
M1,600,5672.757129
M1,601,5489.377897
M1,602,5586.533792
M1,603,5651.815658
M1,604,5409.105675
M1,605,5670.470715
M1,606,5835.318585
M1,607,5552.348688
M1,608,5415.237226
M1,609,5626.786148
M1,610,5509.221785
M1,611,5688.072454
M1,612,5551.424159
M1,613,5571.764839
M1,614,5640.915689
M1,615,5447.969466
M1,616,5644.623093
M1,617,5690.158114
M1,618,5688.8099
M1,619,5626.531799
M1,620,5549.592952
M1,621,5661.758336
M1,622,5583.798678
M1,623,5509.377799
M1,624,5468.844511
M1,625,5352.776538
M1,626,5539.862738
M1,627,5491.912422
M1,628,5494.896474
M1,629,5585.952863
M1,630,5469.767239
M1,631,5703.120552
M1,632,5564.84006
M1,633,5517.150393
M1,634,5344.984368
M1,635,5558.822737
M1,636,5494.321002
M1,637,6002.872424
M1,638,5590.402729
M1,639,5370.50439
M1,640,5546.225227
M1,641,5305.162387
M1,642,5571.211116
M1,643,5590.807918
M1,644,5640.508892
M1,645,5490.203504
M1,646,5520.63325
M1,647,5732.514469
M1,648,5389.737437
M1,649,5655.923947
M1,650,5468.603366
M1,651,5643.741226
M1,652,5650.973943
M1,653,5571.428138
M1,654,5723.236515
M1,655,5432.071616
M1,656,5667.760008
M1,657,5565.317113
M1,658,5732.750592
M1,659,5535.948464
M1,660,5595.046513
M1,661,5469.597869
M1,662,5578.758996
M1,663,5690.157572
M1,664,5602.467469
M1,665,5634.587352
M1,666,5589.29301
M1,667,5691.544957
M1,668,5871.355719
M1,669,5858.049362
M1,670,5477.723408
M1,671,5554.278431
M1,672,5692.534484
M1,673,5599.985079
M1,674,5631.266324
M1,675,5811.926741
M1,676,5496.921179
M1,677,5564.120038
M1,678,5380.48793
M1,679,5401.832542
M1,680,5623.555748
M1,681,5578.829492
M1,682,5605.66916
M1,683,5548.433079
M1,684,5485.995276
M1,685,5574.404564
M1,686,5655.06192
M1,687,5572.314442
M1,688,5698.369547
M1,689,5715.798621
M1,690,5744.504348
M1,691,5497.88489
M1,692,5591.662257
M1,693,5535.877949
M1,694,5774.612782
M1,695,5566.210246
M1,696,5541.994726
M1,697,5640.588736
M1,698,5517.277762
M1,699,5799.220988
M1,700,5635.594075
M1,701,5706.452807
M1,702,5634.548792
M1,703,5727.456131
M1,704,5540.115671
M1,705,5493.968953
M1,706,5499.393648
M1,707,5639.917895
M1,708,5651.389042
M1,709,5589.670217
M1,710,5684.288405
M1,711,5453.493841
M1,712,5637.120914
M1,713,5548.21854
M1,714,5550.369758
M1,715,16922.29939
M1,716,5764.721136
M1,717,5586.028911
M1,718,5418.599152
M1,719,5804.095307
M1,720,5439.753697
M1,721,5434.79401
M1,722,5706.460299
M1,723,5399.60861
M1,724,5610.534017
M1,725,5547.987087
M1,726,5510.075856
M1,727,5480.123362
M1,728,5517.200604
M1,729,5621.119146
M1,730,5626.528297
M1,731,5504.560155
M1,732,5625.707851
M1,733,5529.544411
M1,734,5613.132194
M1,735,5433.06984
M1,736,5378.879512
M1,737,5545.794107
M1,738,5689.50477
M1,739,5535.544688
M1,740,5581.252503
M1,741,5743.595458
M1,742,5774.535036
M1,743,5659.73425
M1,744,5671.086724
M1,745,5650.12847
M1,746,5769.392196
M1,747,5616.538316
M1,748,5659.340694
M1,749,5699.527554
M1,750,5616.826259
M1,751,5569.236501
M1,752,5870.102241
M1,753,5625.215959
M1,754,5569.752394
M1,755,5551.920733
M1,756,5625.429367
M1,757,5341.959164
M1,758,5421.018914
M1,759,5632.110913
M1,760,5309.361148
M1,761,5842.397031
M1,762,5463.24592
M1,763,5682.364589
M1,764,5265.603671
M1,765,5649.988826
M1,766,5573.085575
M1,767,5490.446629
M1,768,5695.725429
M1,769,5526.674071
M1,770,5753.751579
M1,771,5738.032934
M1,772,5666.071214
M1,773,5561.234395
M1,774,5388.554572
M1,775,5609.168724
M1,776,5577.73539
M1,777,5492.604548
M1,778,5458.493427
M1,779,5543.013023
M1,780,5515.935828
M1,781,5765.792313
M1,782,5789.505049
M1,783,5537.416185
M1,784,5455.778245
M1,785,5352.13991
M1,786,5729.836752
M1,787,5556.357927
M1,788,5595.739105
M1,789,5610.493271
M1,790,5483.063327
M1,791,5536.133106
M1,792,5398.389555
M1,793,5643.484302
M1,794,5699.563078
M1,795,5670.98353
M1,796,5522.119109
M1,797,5573.892323
M1,798,5619.028315
M1,799,5432.219442
M1,800,5489.662977
M1,801,5584.7426
M1,802,5364.640627
M1,803,5513.440614
M1,804,5643.086502
M1,805,5429.868461
M1,806,5442.613081
M1,807,5607.424189
M1,808,5565.868283
M1,809,5700.411524
M1,810,5623.935914
M1,811,5626.821007
M1,812,5323.327068
M1,813,5447.242009
M1,814,5415.740036
M1,815,5693.73785
M1,816,5512.922039
M1,817,5602.066312
M1,818,5573.776269
M1,819,5590.185801
M1,820,5634.727663
M1,821,5547.048432
M1,822,5327.503316
M1,823,5729.730106
M1,824,5506.043348
M1,825,5706.744091
M1,826,5678.567532
M1,827,5460.73756
M1,828,5543.398524
M1,829,5777.005808
M1,830,5713.644882
M1,831,5534.528865
M1,832,5355.669918
M1,833,5809.811294
M1,834,5427.141744
M1,835,5645.265851
M1,836,5647.449857
M1,837,5650.725854
M1,838,5431.140665
M1,839,5465.24209
M1,840,5644.035381
M1,841,5703.264806
M1,842,5409.94851
M1,843,5502.455317
M1,844,5446.401561
M1,845,5824.23333
M1,846,5488.070109
M1,847,5510.840325
M1,848,5730.988011
M1,849,5656.589686
M1,850,5468.476768
M1,851,5471.228541
M1,852,5735.093159
M1,853,5562.191906
M1,854,5596.51486
M1,855,5628.798151
M1,856,5676.414612
M1,857,5313.217679
M1,858,5327.804676
M1,859,5618.348831
M1,860,5551.391837
M1,861,5390.094454
M1,862,5490.866923
M1,863,5738.068289
M1,864,5483.272912
M1,865,5478.442718
M1,866,5685.70861
M1,867,5656.085682
M1,868,5414.108308
M1,869,5681.336489
M1,870,5552.804248
M1,871,5658.218478
M1,872,5702.55507
M1,873,5535.516747
M1,874,5910.145321
M1,875,5613.37348
M1,876,5609.885283
M1,877,5516.21142
M1,878,5731.904579
M1,879,5829.647407
M1,880,5717.348175
M1,881,5389.274987
M1,882,5762.148208
M1,883,5499.937395
M1,884,5652.212018
M1,885,5637.687237
M1,886,5660.127252
M1,887,5812.801895
M1,888,5677.616745
M1,889,5580.710848
M1,890,5568.51802
M1,891,5693.167389
M1,892,5695.729617
M1,893,5385.304112
M1,894,5491.132724
M1,895,5576.816516
M1,896,5495.27192
M1,897,5577.00107
M1,898,5568.397022
M1,899,5435.092985
M1,900,5441.300743
M1,901,5704.792828
M1,902,5747.904305
M1,903,5702.761541
M1,904,5564.660217
M1,905,5441.017891
M1,906,5494.068505
M1,907,5580.222176
M1,908,5493.118592
M1,909,5630.860341
M1,910,5629.313283
M1,911,5516.96508
M1,912,5567.537462
M1,913,5343.990495
M1,914,5381.90208
M1,915,5643.055422
M1,916,5819.905798
M1,917,5531.152611
M1,918,5674.087271
M1,919,5675.254187
M1,920,5786.32459
M1,921,5419.719605
M1,922,5601.13127
M1,923,5593.194177
M1,924,5616.104402
M1,925,5497.443191
M1,926,5705.873583
M1,927,5578.527998
M1,928,5839.852372
M1,929,5529.078751
M1,930,5638.558725
M1,931,5196.196694
M1,932,5577.875528
M1,933,5649.762625
M1,934,5409.536571
M1,935,5300.293631
M1,936,5362.630053
M1,937,5662.879884
M1,938,5753.116237
M1,939,5742.855404
M1,940,5548.745811
M1,941,5350.274868
M1,942,5685.066566
M1,943,5396.747198
M1,944,5787.537641
M1,945,5526.549204
M1,946,5510.438595
M1,947,5745.043824
M1,948,5337.535205
M1,949,5584.913565
M1,950,5579.245351
M1,951,5484.724847
M1,952,5477.050082
M1,953,5545.595911
M1,954,5682.317785
M1,955,5583.882716
M1,956,5610.515385
M1,957,5700.323199
M1,958,5581.625603
M1,959,5495.096915
M1,960,5571.956615
M1,961,5454.018259
M1,962,5309.790943
M1,963,5800.963356
M1,964,5594.071966
M1,965,5658.503004
M1,966,5445.611575
M1,967,5607.739811
M1,968,5521.626281
M1,969,5742.256413
M1,970,5479.314175
M1,971,5347.387031
M1,972,5657.008451
M1,973,5397.050778
M1,974,5439.13029
M1,975,5476.661411
M1,976,5467.282735
M1,977,5539.387653
M1,978,5672.567952
M1,979,5551.531614
M1,980,5686.02002
M1,981,5553.474007
M1,982,5630.456122
M1,983,5787.112728
M1,984,5529.709477
M1,985,5912.719313
M1,986,5446.33549
M1,987,5529.4129
M1,988,5559.915116
M1,989,5718.185618
M1,990,5662.791971
M1,991,5310.969934
M1,992,5610.437185
M1,993,5577.643126
M1,994,5656.059798
M1,995,5724.628349
M1,996,5593.23412
M1,997,5644.88527
M1,998,5576.12693
M1,999,5475.003109
M1,1000,5811.354329
M2,1,6880.708926
M2,2,6860.227576
M2,3,6937.306184
M2,4,6628.668388
M2,5,6946.249118
M2,6,6830.336609
M2,7,6821.312257
M2,8,6860.873532
M2,9,6787.658913
M2,10,7042.529489
M2,11,6740.549137
M2,12,6814.017148
M2,13,6982.991876
M2,14,6884.999903
M2,15,6754.516603
M2,16,6728.187876
M2,17,6971.144492
M2,18,6827.943794
M2,19,6527.224904
M2,20,6719.193442
M2,21,6846.82967
M2,22,6910.652271
M2,23,6701.187684
M2,24,6577.541841
M2,25,6592.460955
M2,26,6644.455561
M2,27,6693.081039
M2,28,6844.761292
M2,29,6647.119349
M2,30,6809.137437
M2,31,6737.181987
M2,32,6914.730003
M2,33,6873.306441
M2,34,6765.668968
M2,35,6568.889651
M2,36,6834.576842
M2,37,6867.947944
M2,38,6838.89218
M2,39,6912.863327
M2,40,6864.40075
M2,41,6784.888127
M2,42,6689.606816
M2,43,6723.405794
M2,44,6959.887985
M2,45,6688.059741
M2,46,6948.74018
M2,47,6984.188576
M2,48,6688.263506
M2,49,6724.745897
M2,50,6692.780648
M2,51,6904.025363
M2,52,6721.29805
M2,53,6650.036132
M2,54,6625.350752
M2,55,6613.771308
M2,56,6749.676077
M2,57,6705.8727
M2,58,6684.606854
M2,59,6785.380883
M2,60,6615.156349
M2,61,6707.416831
M2,62,6901.759268
M2,63,6708.44013
M2,64,6450.194987
M2,65,6647.67287
M2,66,6762.347376
M2,67,6785.224895
M2,68,6602.516536
M2,69,6924.547255
M2,70,6850.830568
M2,71,6749.066585
M2,72,6735.336515
M2,73,6762.563285
M2,74,6941.377093
M2,75,6627.065836
M2,76,6917.988684
M2,77,6784.36351
M2,78,6970.142951
M2,79,6805.523642
M2,80,6678.060869
M2,81,6824.805706
M2,82,6632.683102
M2,83,6877.169684
M2,84,6992.928918
M2,85,6652.671445
M2,86,6819.161066
M2,87,6579.866289
M2,88,6842.601194
M2,89,6773.280182
M2,90,6828.477345
M2,91,6833.193537
M2,92,6865.799627
M2,93,6735.599701
M2,94,6648.333774
M2,95,6645.752613
M2,96,6899.195057
M2,97,6772.428616
M2,98,6805.764508
M2,99,6734.892527
M2,100,6620.450507
M2,101,6671.97583
M2,102,6631.566588
M2,103,6958.562352
M2,104,6900.890743
M2,105,6556.500166
M2,106,6637.319836
M2,107,6627.378543
M2,108,6829.543479
M2,109,6884.126154
M2,110,6690.627974
M2,111,6859.939776
M2,112,6804.506466
M2,113,6877.876063
M2,114,6652.732084
M2,115,6616.870036
M2,116,6563.146006
M2,117,6735.472827
M2,118,6939.360008
M2,119,6678.875747
M2,120,6760.708858
M2,121,6861.359909
M2,122,6742.975513
M2,123,6583.665762
M2,124,6728.236466
M2,125,6970.555412
M2,126,6778.903457
M2,127,6811.332808
M2,128,6388.853437
M2,129,6992.597609
M2,130,6724.91038
M2,131,6689.643474
M2,132,6710.335977
M2,133,6838.195403
M2,134,6868.797492
M2,135,6807.118133
M2,136,6664.318241
M2,137,6739.605341
M2,138,6661.659196
M2,139,6978.928484
M2,140,6688.894246
M2,141,6631.41335
M2,142,6773.192481
M2,143,6927.683923
M2,144,6549.614339
M2,145,6780.372522
M2,146,6773.814863
M2,147,6888.138022
M2,148,6777.336604
M2,149,6758.351723
M2,150,6963.458886
M2,151,6931.11852
M2,152,6483.245962
M2,153,6648.197139
M2,154,6874.886215
M2,155,6637.806851
M2,156,6583.749495
M2,157,6738.388526
M2,158,7045.468383
M2,159,6708.135259
M2,160,6721.063853
M2,161,6715.472605
M2,162,6843.280806
M2,163,6711.201065
M2,164,6594.799528
M2,165,6871.703216
M2,166,6835.990365
M2,167,6566.196917
M2,168,6719.177098
M2,169,6879.017544
M2,170,7024.722307
M2,171,6648.785447
M2,172,6886.427217
M2,173,6771.410352
M2,174,6857.370076
M2,175,6750.376151
M2,176,6660.854471
M2,177,6655.080412
M2,178,6750.620281
M2,179,6748.173131
M2,180,6643.750251
M2,181,6944.617902
M2,182,6811.810552
M2,183,7004.226397
M2,184,6714.373634
M2,185,6784.875169
M2,186,6849.793583
M2,187,6827.751124
M2,188,6767.095664
M2,189,6591.781435
M2,190,6747.370619
M2,191,6968.434923
M2,192,6687.163932
M2,193,7047.576189
M2,194,6532.42047
M2,195,6777.965135
M2,196,6852.580053
M2,197,6957.41281
M2,198,6640.761695
M2,199,6862.843185
M2,200,6650.822787
M2,201,6529.82264
M2,202,6535.411861
M2,203,6625.587421
M2,204,6811.623613
M2,205,6637.531235
M2,206,6791.98102
M2,207,6991.694424
M2,208,6735.114422
M2,209,6699.811689
M2,210,6695.609808
M2,211,6459.664926
M2,212,6702.884105
M2,213,6786.780966
M2,214,6735.053323
M2,215,6958.765003
M2,216,6820.272726
M2,217,6883.565962
M2,218,6444.53745
M2,219,6814.821994
M2,220,6657.434513
M2,221,6735.998825
M2,222,6830.096087
M2,223,6765.46375
M2,224,6587.755111
M2,225,6822.353391
M2,226,7057.552138
M2,227,6766.392066
M2,228,6613.309081
M2,229,6720.928951
M2,230,7032.27108
M2,231,6641.491063
M2,232,7031.211438
M2,233,6734.592483
M2,234,6682.545137
M2,235,6646.306972
M2,236,6843.023852
M2,237,6892.966266
M2,238,6677.063539
M2,239,6701.438358
M2,240,6662.952618
M2,241,6579.450653
M2,242,6732.974861
M2,243,6668.148671
M2,244,6858.592381
M2,245,6797.573298
M2,246,6568.19066
M2,247,6631.555702
M2,248,6803.781381
M2,249,6848.588934
M2,250,6689.010909
M2,251,6867.80266
M2,252,6809.968067
M2,253,6482.561663
M2,254,6836.818503
M2,255,6963.578058
M2,256,6799.693559
M2,257,6748.016489
M2,258,6639.517571
M2,259,6724.293383
M2,260,6723.896512
M2,261,6938.202276
M2,262,6827.68515
M2,263,6540.84969
M2,264,6806.149976
M2,265,6840.697559
M2,266,6651.038417
M2,267,6553.929261
M2,268,6732.867839
M2,269,6937.218379
M2,270,6676.591056
M2,271,6584.069903
M2,272,6664.355265
M2,273,6946.385762
M2,274,6709.828857
M2,275,6775.304682
M2,276,6773.302187
M2,277,6742.265151
M2,278,6734.867942
M2,279,6679.985107
M2,280,6513.852218
M2,281,6674.895258
M2,282,6988.261762
M2,283,6803.76054
M2,284,7001.164192
M2,285,6562.278665
M2,286,6641.435529
M2,287,6578.659355
M2,288,6708.533632
M2,289,6760.223728
M2,290,6915.254049
M2,291,6719.484194
M2,292,6841.777359
M2,293,6580.887467
M2,294,6545.09669
M2,295,6842.787025
M2,296,6977.276153
M2,297,6716.020138
M2,298,6659.853196
M2,299,6900.177403
M2,300,6773.725812
M2,301,6977.771974
M2,302,6498.335121
M2,303,6663.198532
M2,304,6622.096258
M2,305,6640.157517
M2,306,6914.769747
M2,307,6791.762725
M2,308,6519.458311
M2,309,6601.484529
M2,310,6684.802067
M2,311,6667.310685
M2,312,6762.394548
M2,313,6678.232136
M2,314,6761.917617
M2,315,6919.245867
M2,316,6668.781624
M2,317,6621.187133
M2,318,6827.426597
M2,319,6589.681692
M2,320,6827.287078
M2,321,6685.890223
M2,322,6664.841307
M2,323,6699.343735
M2,324,6679.759144
M2,325,6927.35908
M2,326,6771.654267
M2,327,6789.231319
M2,328,6816.311478
M2,329,6768.664075
M2,330,6758.648303
M2,331,6936.819035
M2,332,6906.279457
M2,333,6681.749248
M2,334,6804.03669
M2,335,6810.024908
M2,336,7055.93423
M2,337,6623.111561
M2,338,6834.718743
M2,339,6584.898717
M2,340,6712.714839
M2,341,6727.876995
M2,342,6549.931574
M2,343,6850.85523
M2,344,6633.478539
M2,345,6894.501118
M2,346,6740.467193
M2,347,6818.36109
M2,348,6685.771555
M2,349,6848.11822
M2,350,7039.524679
M2,351,6691.792837
M2,352,6688.137711
M2,353,6642.427952
M2,354,6571.185048
M2,355,6729.779706
M2,356,6661.654558
M2,357,6975.485348
M2,358,6796.385779
M2,359,6774.729112
M2,360,6554.927743
M2,361,6908.833992
M2,362,7171.025386
M2,363,6901.019791
M2,364,6625.50755
M2,365,6824.951109
M2,366,6750.587928
M2,367,6649.957835
M2,368,6840.038866
M2,369,6685.414848
M2,370,6801.00784
M2,371,6833.897793
M2,372,6923.913729
M2,373,6883.198111
M2,374,6720.365153
M2,375,6919.588382
M2,376,6583.955258
M2,377,6631.593324
M2,378,6741.055374
M2,379,6728.698439
M2,380,6786.673744
M2,381,6412.536264
M2,382,6723.544128
M2,383,6651.905772
M2,384,6592.625023
M2,385,6602.298083
M2,386,6707.785313
M2,387,6666.912083
M2,388,6796.103931
M2,389,6901.548914
M2,390,6874.406958
M2,391,6867.721113
M2,392,6723.317697
M2,393,6560.902411
M2,394,6649.499569
M2,395,7052.474463
M2,396,6651.110356
M2,397,6786.562754
M2,398,6659.162319
M2,399,6756.080716
M2,400,7012.808087
M2,401,6774.601346
M2,402,6857.192606
M2,403,6630.001052
M2,404,6540.081635
M2,405,6917.582368
M2,406,6558.566488
M2,407,6829.56074
M2,408,6564.490021
M2,409,6653.631006
M2,410,6670.161288
M2,411,6799.00579
M2,412,6733.112985
M2,413,6587.725367
M2,414,6642.871431
M2,415,6707.434394
M2,416,6775.469398
M2,417,6612.380622
M2,418,6869.065558
M2,419,6823.351998
M2,420,6868.918007
M2,421,6813.561769
M2,422,6717.023268
M2,423,6779.047957
M2,424,6963.904801
M2,425,6740.162738
M2,426,6617.029198
M2,427,6724.225527
M2,428,6766.802544
M2,429,6640.784016
M2,430,6806.935599
M2,431,6651.526997
M2,432,6716.019191
M2,433,6611.925751
M2,434,6776.74319
M2,435,6764.361803
M2,436,6645.274003
M2,437,6483.443292
M2,438,6840.022894
M2,439,6751.570622
M2,440,6503.145718
M2,441,6891.144685
M2,442,6883.173701
M2,443,6710.091875
M2,444,6670.197022
M2,445,6842.370251
M2,446,6860.932645
M2,447,6719.754567
M2,448,6804.754662
M2,449,6732.70439
M2,450,6833.642174
M2,451,7020.728197
M2,452,6591.580237
M2,453,6868.886514
M2,454,6610.788645
M2,455,6643.908047
M2,456,6812.964359
M2,457,6827.93093
M2,458,6763.929161
M2,459,6886.264754
M2,460,7004.563885
M2,461,6595.085513
M2,462,6713.167241
M2,463,6479.065355
M2,464,6707.016136
M2,465,6873.501206
M2,466,6912.653699
M2,467,6954.951198
M2,468,6899.950147
M2,469,6779.947883
M2,470,6708.461361
M2,471,6728.198324
M2,472,6873.149719
M2,473,6550.90095
M2,474,6845.282583
M2,475,6556.936981
M2,476,6609.936287
M2,477,6669.636061
M2,478,6974.150756
M2,479,6842.865033
M2,480,6545.980175
M2,481,6899.289633
M2,482,6790.72343
M2,483,7019.657762
M2,484,6589.895258
M2,485,6679.383512
M2,486,6582.500888
M2,487,7009.917355
M2,488,6889.534404
M2,489,6784.804118
M2,490,6718.117743
M2,491,6773.636557
M2,492,6658.198955
M2,493,6724.872095
M2,494,6767.157775
M2,495,6604.082303
M2,496,6808.731241
M2,497,6614.092134
M2,498,6663.186561
M2,499,6840.350109
M2,500,6988.889337
M2,501,6870.437415
M2,502,6604.79491
M2,503,6852.767618
M2,504,6839.541509
M2,505,6654.909256
M2,506,6728.824621
M2,507,6669.068876
M2,508,6854.293014
M2,509,6672.776537
M2,510,6792.836665
M2,511,6977.643081
M2,512,6732.506521
M2,513,6700.274862
M2,514,6723.791599
M2,515,6712.482219
M2,516,7044.014631
M2,517,6857.978225
M2,518,6855.959939
M2,519,6586.631715
M2,520,6599.515635
M2,521,6791.113717
M2,522,6934.285423
M2,523,6756.708132
M2,524,6535.398807
M2,525,6739.299593
M2,526,6774.161525
M2,527,6697.991061
M2,528,6852.384522
M2,529,6686.027115
M2,530,6960.338404
M2,531,6929.223227
M2,532,6838.067818
M2,533,6759.20825
M2,534,6877.454318
M2,535,6702.373559
M2,536,6951.888196
M2,537,6843.471607
M2,538,6999.8307
M2,539,6580.057532
M2,540,6681.99365
M2,541,6727.389252
M2,542,6768.149652
M2,543,6730.754887
M2,544,6789.227493
M2,545,6464.379666
M2,546,7039.089196
M2,547,6726.010326
M2,548,6826.798142
M2,549,6603.616668
M2,550,6553.824615
M2,551,6706.717341
M2,552,6726.970683
M2,553,6857.070934
M2,554,6679.174913
M2,555,6936.886496
M2,556,6780.173877
M2,557,6500.208839
M2,558,6880.580607
M2,559,6810.308392
M2,560,6727.721018
M2,561,6842.305374
M2,562,6799.972797
M2,563,6704.837982
M2,564,7031.074722
M2,565,6973.507292
M2,566,6579.108891
M2,567,6682.837238
M2,568,6926.341719
M2,569,6676.473032
M2,570,6950.517855
M2,571,6906.08231
M2,572,6827.883432
M2,573,6595.352503
M2,574,6733.188855
M2,575,6734.389399
M2,576,6612.019575
M2,577,6772.736589
M2,578,6715.229644
M2,579,6858.937551
M2,580,6623.446789
M2,581,6861.011454
M2,582,6797.370798
M2,583,6733.63426
M2,584,6703.377661
M2,585,6843.260396
M2,586,6741.339758
M2,587,6780.453767
M2,588,6790.252028
M2,589,6684.178058
M2,590,6994.064068
M2,591,6972.494751
M2,592,6972.406556
M2,593,6912.799257
M2,594,6995.464235
M2,595,6690.526867
M2,596,6652.246579
M2,597,6950.87853
M2,598,6838.008488
M2,599,6754.906916
M2,600,6464.60215
M2,601,6735.844387
M2,602,6852.246126
M2,603,6722.848273
M2,604,6743.76654
M2,605,6660.704651
M2,606,6808.8704
M2,607,6655.822187
M2,608,6799.034113
M2,609,6873.461963
M2,610,6929.690608
M2,611,6584.726168
M2,612,6895.993184
M2,613,6561.482296
M2,614,6771.802774
M2,615,6829.762441
M2,616,6894.031718
M2,617,6756.086985
M2,618,6779.479928
M2,619,6551.717808
M2,620,6732.271405
M2,621,6721.047149
M2,622,6654.046266
M2,623,6815.737056
M2,624,6781.001933
M2,625,6576.680614
M2,626,6835.80419
M2,627,6947.323805
M2,628,6826.249363
M2,629,6832.728409
M2,630,6925.393995
M2,631,6783.080768
M2,632,6963.086417
M2,633,6847.163178
M2,634,6765.582655
M2,635,6693.848643
M2,636,6850.731297
M2,637,6862.222363
M2,638,6746.313188
M2,639,6665.093029
M2,640,6981.664393
M2,641,7005.282655
M2,642,6497.231962
M2,643,6672.553602
M2,644,6697.926898
M2,645,6730.673066
M2,646,6825.992
M2,647,6778.380412
M2,648,6751.922091
M2,649,6832.391129
M2,650,6911.609913
M2,651,6789.868288
M2,652,6890.25398
M2,653,6636.095474
M2,654,6501.507432
M2,655,6477.680369
M2,656,6624.544515
M2,657,6724.112781
M2,658,6657.151379
M2,659,6716.375413
M2,660,6880.446559
M2,661,6659.895397
M2,662,6576.408311
M2,663,6884.132208
M2,664,6613.015492
M2,665,6810.473554
M2,666,6832.355765
M2,667,6533.318961
M2,668,6970.530512
M2,669,6750.918333
M2,670,6850.902325
M2,671,6862.339003
M2,672,6784.454929
M2,673,6491.564097
M2,674,6814.016821
M2,675,6508.209355
M2,676,6678.942711
M2,677,6825.125697
M2,678,6721.846183
M2,679,6425.021407
M2,680,6519.103476
M2,681,6551.124773
M2,682,6743.850232
M2,683,6720.22909
M2,684,6581.735299
M2,685,6716.521104
M2,686,6579.349064
M2,687,6877.914086
M2,688,6949.628126
M2,689,6731.880499
M2,690,6724.824842
M2,691,6802.775377
M2,692,6717.8917
M2,693,6748.64348
M2,694,6717.520214
M2,695,6873.810703
M2,696,6691.974276
M2,697,6681.836046
M2,698,6754.958785
M2,699,6892.336163
M2,700,6666.519458
M2,701,6621.065553
M2,702,6690.605125
M2,703,6534.725167
M2,704,6694.642184
M2,705,6796.193598
M2,706,6732.353457
M2,707,6648.710378
M2,708,6772.748623
M2,709,6767.089088
M2,710,6943.17348
M2,711,6741.313489
M2,712,6588.284022
M2,713,6545.319074
M2,714,6686.462085
M2,715,6596.473234
M2,716,7032.504562
M2,717,6888.085423
M2,718,6652.972662
M2,719,6659.483422
M2,720,6828.025565
M2,721,6692.560203
M2,722,6913.986619
M2,723,6689.086364
M2,724,6567.011561
M2,725,6695.983617
M2,726,6782.838611
M2,727,6585.742319
M2,728,6724.799276
M2,729,6887.834584
M2,730,6684.896143
M2,731,6684.488026
M2,732,6776.917311
M2,733,6698.465308
M2,734,6886.775507
M2,735,6788.152637
M2,736,7000.199378
M2,737,6690.617471
M2,738,6906.453658
M2,739,6817.445167
M2,740,6626.556788
M2,741,6712.727959
M2,742,6983.513228
M2,743,6959.255205
M2,744,6632.736668
M2,745,6847.426245
M2,746,6620.283676
M2,747,6732.685737
M2,748,6880.920606
M2,749,6836.629667
M2,750,6775.480462
M2,751,6813.4018
M2,752,6734.838911
M2,753,6993.994294
M2,754,6553.716373
M2,755,6490.743262
M2,756,6944.088622
M2,757,6539.059571
M2,758,6612.83295
M2,759,6765.027546
M2,760,6744.503416
M2,761,6629.337951
M2,762,6765.128164
M2,763,6749.909183
M2,764,6712.539304
M2,765,6672.467313
M2,766,6760.899945
M2,767,6787.369137
M2,768,6623.384215
M2,769,6619.199601
M2,770,6821.09519
M2,771,6879.920679
M2,772,6670.067896
M2,773,6672.954207
M2,774,6636.20721
M2,775,6879.015004
M2,776,6950.712796
M2,777,6964.602214
M2,778,6890.275585
M2,779,6722.395301
M2,780,6751.241388
M2,781,6783.789925
M2,782,6734.807086
M2,783,6846.136743
M2,784,6865.222836
M2,785,6836.466001
M2,786,6658.749356
M2,787,6825.997667
M2,788,6684.953559
M2,789,6598.008575
M2,790,6597.642954
M2,791,6790.733637
M2,792,6901.685756
M2,793,6922.815519
M2,794,6761.176275
M2,795,6560.110201
M2,796,6602.870515
M2,797,6979.261127
M2,798,6726.652649
M2,799,6724.079401
M2,800,6895.274499
M2,801,6560.002361
M2,802,6575.669222
M2,803,6689.03008
M2,804,6616.586431
M2,805,6762.533722
M2,806,6733.406101
M2,807,6659.43179
M2,808,6916.921614
M2,809,6678.073221
M2,810,6731.626514
M2,811,6636.334741
M2,812,6750.143424
M2,813,6768.124266
M2,814,6799.849905
M2,815,6850.449396
M2,816,6596.271895
M2,817,6664.555351
M2,818,6894.157231
M2,819,6509.843859
M2,820,6400.298887
M2,821,6760.966161
M2,822,6806.727805
M2,823,6607.564262
M2,824,6781.945666
M2,825,6774.030925
M2,826,6798.216041
M2,827,6894.955416
M2,828,6680.951814
M2,829,6887.78195
M2,830,6672.427639
M2,831,6669.859661
M2,832,7095.343845
M2,833,6690.575993
M2,834,6615.709551
M2,835,6799.547285
M2,836,6679.055618
M2,837,6663.973864
M2,838,6820.552995
M2,839,6689.317394
M2,840,6687.527311
M2,841,6904.036077
M2,842,6624.45328
M2,843,6754.292218
M2,844,6823.546651
M2,845,6738.485925
M2,846,6923.783437
M2,847,6648.956644
M2,848,6921.775412
M2,849,6889.547875
M2,850,6851.668297
M2,851,6670.819951
M2,852,6473.911822
M2,853,6810.553024
M2,854,6878.893652
M2,855,6813.415553
M2,856,6922.1906
M2,857,6763.748981
M2,858,7000.122669
M2,859,6764.059444
M2,860,6902.848388
M2,861,6813.711101
M2,862,6971.964283
M2,863,6882.589902
M2,864,6782.809702
M2,865,6737.183251
M2,866,6724.655396
M2,867,6650.256162
M2,868,6708.999742
M2,869,6880.170358
M2,870,6711.979494
M2,871,6745.47332
M2,872,6738.162905
M2,873,6391.492353
M2,874,6865.920868
M2,875,6855.985728
M2,876,6674.535317
M2,877,6796.316047
M2,878,6521.830782
M2,879,6832.555835
M2,880,6753.862816
M2,881,6715.80075
M2,882,6581.502466
M2,883,6890.678036
M2,884,6827.539258
M2,885,6518.103005
M2,886,6523.522465
M2,887,6775.432878
M2,888,6744.616213
M2,889,6655.389589
M2,890,6876.290758
M2,891,6822.641848
M2,892,6753.169383
M2,893,6881.3138
M2,894,6930.489558
M2,895,6563.950012
M2,896,6666.789848
M2,897,6640.248177
M2,898,6805.991868
M2,899,6813.389729
M2,900,6848.688605
M2,901,6436.963867
M2,902,6640.344059
M2,903,6838.554223
M2,904,6686.601324
M2,905,6896.455522
M2,906,6894.278175
M2,907,6745.044801
M2,908,6775.537068
M2,909,6565.491222
M2,910,6814.087836
M2,911,6718.547193
M2,912,6707.273811
M2,913,6756.227037
M2,914,6863.688974
M2,915,6570.556194
M2,916,6659.49156
M2,917,6888.154245
M2,918,6809.007913
M2,919,6854.272766
M2,920,6807.472293
M2,921,6939.986288
M2,922,6714.249109
M2,923,6812.039299
M2,924,6619.094585
M2,925,6720.820199
M2,926,6738.632131
M2,927,6655.329356
M2,928,6835.186113
M2,929,6954.055518
M2,930,6741.809588
M2,931,6683.132896
M2,932,6788.448285
M2,933,6593.173779
M2,934,6694.398158
M2,935,6681.218403
M2,936,6657.674708
M2,937,6602.367599
M2,938,6481.891105
M2,939,6728.942049
M2,940,6881.557452
M2,941,6744.731532
M2,942,6528.52475
M2,943,6620.818885
M2,944,7005.60676
M2,945,6863.986959
M2,946,6764.245335
M2,947,6722.838497
M2,948,6868.298759
M2,949,6792.177632
M2,950,6675.270646
M2,951,6880.374093
M2,952,6820.620373
M2,953,6726.241801
M2,954,6730.997499
M2,955,6710.518122
M2,956,6644.826331
M2,957,6766.485498
M2,958,6955.445111
M2,959,6790.703513
M2,960,6834.017534
M2,961,6762.229289
M2,962,6912.832643
M2,963,6629.347117
M2,964,6583.656778
M2,965,6551.912541
M2,966,6796.033567
M2,967,6620.089217
M2,968,6649.413821
M2,969,6710.808557
M2,970,6756.83982
M2,971,6978.626388
M2,972,6741.089768
M2,973,6653.64672
M2,974,6566.291343
M2,975,6711.355145
M2,976,6769.970533
M2,977,6543.483239
M2,978,6680.024028
M2,979,6848.927978
M2,980,6763.594348
M2,981,6740.118147
M2,982,6459.075706
M2,983,6695.822041
M2,984,6693.020922
M2,985,6869.982014
M2,986,6787.705851
M2,987,6829.015009
M2,988,7080.37651
M2,989,6841.387387
M2,990,6579.3555
M2,991,6453.036147
M2,992,6876.666074
M2,993,6831.87947
M2,994,7011.7033
M2,995,6571.200904
M2,996,6817.318924
M2,997,6658.784329
M2,998,6642.004996
M2,999,6791.648987
M2,1000,6834.781841
with_covariates,1,5580.589877
with_covariates,2,5604.22015
with_covariates,3,5651.124928
with_covariates,4,5814.160401
with_covariates,5,5607.247473
with_covariates,6,5659.653815
with_covariates,7,5284.97847
with_covariates,8,5664.210204
with_covariates,9,5601.264787
with_covariates,10,5538.225426
with_covariates,11,5522.461428
with_covariates,12,5924.533814
with_covariates,13,5492.225338
with_covariates,14,5631.693406
with_covariates,15,5642.831147
with_covariates,16,5931.9135
with_covariates,17,5778.489824
with_covariates,18,5581.469193
with_covariates,19,5800.73514
with_covariates,20,5358.270695
with_covariates,21,5375.297268
with_covariates,22,5676.70731
with_covariates,23,5684.630237
with_covariates,24,5360.843
with_covariates,25,5534.140769
with_covariates,26,5448.097602
with_covariates,27,5656.235863
with_covariates,28,5546.699867
with_covariates,29,5787.943813
with_covariates,30,5553.873348
with_covariates,31,5721.000424
with_covariates,32,5729.834637
with_covariates,33,5879.312461
with_covariates,34,5551.906081
with_covariates,35,5443.016138
with_covariates,36,5591.299442
with_covariates,37,5710.818535
with_covariates,38,5712.505578
with_covariates,39,5638.595633
with_covariates,40,5418.878883
with_covariates,41,5693.376156
with_covariates,42,5588.993519
with_covariates,43,5582.543707
with_covariates,44,5614.726702
with_covariates,45,5290.342923
with_covariates,46,5768.88548
with_covariates,47,5551.571288
with_covariates,48,5455.813452
with_covariates,49,5862.887778
with_covariates,50,5737.465798
with_covariates,51,5606.986136
with_covariates,52,5371.696813
with_covariates,53,5859.681333
with_covariates,54,5685.184725
with_covariates,55,5556.179739
with_covariates,56,5572.45073
with_covariates,57,5402.683095
with_covariates,58,5465.37811
with_covariates,59,5684.677409
with_covariates,60,5327.294844
with_covariates,61,5410.117154
with_covariates,62,5518.833872
with_covariates,63,5632.680063
with_covariates,64,5940.520583
with_covariates,65,5637.727482
with_covariates,66,5627.273554
with_covariates,67,5718.101707
with_covariates,68,5767.194268
with_covariates,69,5430.558324
with_covariates,70,5638.286675
with_covariates,71,5642.29536
with_covariates,72,5689.122301
with_covariates,73,5641.104132
with_covariates,74,5626.56853
with_covariates,75,5609.533731
with_covariates,76,5679.578598
with_covariates,77,5515.587628
with_covariates,78,5709.285931
with_covariates,79,5468.720815
with_covariates,80,5934.256069
with_covariates,81,5942.790646
with_covariates,82,5942.442232
with_covariates,83,5462.723303
with_covariates,84,5573.472671
with_covariates,85,5748.211261
with_covariates,86,5624.463697
with_covariates,87,5596.949989
with_covariates,88,5626.087805
with_covariates,89,5665.438711
with_covariates,90,5545.99061
with_covariates,91,5576.823004
with_covariates,92,5542.08664
with_covariates,93,5585.240862
with_covariates,94,5497.045263
with_covariates,95,5694.089501
with_covariates,96,5491.61843
with_covariates,97,5557.657443
with_covariates,98,5491.042219
with_covariates,99,5672.14622
with_covariates,100,5497.529169
with_covariates,101,5641.238973
with_covariates,102,5732.607092
with_covariates,103,5861.389457
with_covariates,104,5598.313892
with_covariates,105,5320.867527
with_covariates,106,5513.031948
with_covariates,107,5413.176439
with_covariates,108,5558.711172
with_covariates,109,5624.420622
with_covariates,110,5590.978163
with_covariates,111,5679.653355
with_covariates,112,5870.360884
with_covariates,113,5635.086021
with_covariates,114,5551.666907
with_covariates,115,5573.539549
with_covariates,116,5579.447907
with_covariates,117,6027.228061
with_covariates,118,5407.083293
with_covariates,119,5658.703729
with_covariates,120,5522.160205
with_covariates,121,5410.199005
with_covariates,122,5397.935681
with_covariates,123,5586.717063
with_covariates,124,5770.926871
with_covariates,125,5502.832761
with_covariates,126,5498.269683
with_covariates,127,5427.423834
with_covariates,128,5710.180174
with_covariates,129,5777.61434
with_covariates,130,5353.601323
with_covariates,131,5323.807214
with_covariates,132,5683.494327
with_covariates,133,5406.556222
with_covariates,134,5471.417213
with_covariates,135,5402.077579
with_covariates,136,5452.80804
with_covariates,137,5352.593517
with_covariates,138,5462.364061
with_covariates,139,5498.191152
with_covariates,140,5682.450375
with_covariates,141,5706.842702
with_covariates,142,5617.801221
with_covariates,143,5580.925402
with_covariates,144,5488.511308
with_covariates,145,5625.020631
with_covariates,146,5712.544328
with_covariates,147,5865.234194
with_covariates,148,5545.525123
with_covariates,149,5448.77055
with_covariates,150,5654.568169
with_covariates,151,5519.319389
with_covariates,152,5963.975755
with_covariates,153,5483.071279
with_covariates,154,5393.129754
with_covariates,155,5562.775979
with_covariates,156,5454.98693
with_covariates,157,5651.470071
with_covariates,158,5575.183162
with_covariates,159,5287.161947
with_covariates,160,5508.628888
with_covariates,161,5697.585986
with_covariates,162,5803.844706
with_covariates,163,5461.82512
with_covariates,164,5657.624711
with_covariates,165,5563.132401
with_covariates,166,5572.520381
with_covariates,167,5527.30847
with_covariates,168,5816.339639
with_covariates,169,5669.963882
with_covariates,170,5685.05593
with_covariates,171,5717.367875
with_covariates,172,5540.99533
with_covariates,173,5526.585902
with_covariates,174,5564.414961
with_covariates,175,5801.461919
with_covariates,176,5632.87586
with_covariates,177,5459.793589
with_covariates,178,5574.72451
with_covariates,179,5582.919587
with_covariates,180,5416.557248
with_covariates,181,5789.089308
with_covariates,182,5623.706545
with_covariates,183,5547.952108
with_covariates,184,5664.802154
with_covariates,185,5810.182031
with_covariates,186,5459.750251
with_covariates,187,5569.370115
with_covariates,188,5549.247533
with_covariates,189,5725.095441
with_covariates,190,5757.866475
with_covariates,191,5625.389735
with_covariates,192,5601.270445
with_covariates,193,5340.947363
with_covariates,194,5470.166851
with_covariates,195,5514.776759
with_covariates,196,5568.684087
with_covariates,197,5697.108931
with_covariates,198,5781.304526
with_covariates,199,5571.418784
with_covariates,200,5802.946306
with_covariates,201,5601.520255
with_covariates,202,5443.90639
with_covariates,203,5475.738197
with_covariates,204,5643.94497
with_covariates,205,5669.343699
with_covariates,206,5664.516244
with_covariates,207,5632.116919
with_covariates,208,5659.217737
with_covariates,209,5550.078882
with_covariates,210,5459.144711
with_covariates,211,5576.987167
with_covariates,212,5688.980686
with_covariates,213,5532.012532
with_covariates,214,5589.402756
with_covariates,215,5641.066952
with_covariates,216,5496.509952
with_covariates,217,5746.397485
with_covariates,218,5525.232758
with_covariates,219,5764.190564
with_covariates,220,5771.549763
with_covariates,221,5497.023916
with_covariates,222,5722.937073
with_covariates,223,5565.632838
with_covariates,224,5607.442482
with_covariates,225,5396.94459
with_covariates,226,5607.622019
with_covariates,227,5513.710367
with_covariates,228,5633.092832
with_covariates,229,5455.704765
with_covariates,230,5659.163569
with_covariates,231,5611.254391
with_covariates,232,5669.932529
with_covariates,233,5921.302949
with_covariates,234,5736.174441
with_covariates,235,5447.389133
with_covariates,236,5596.565531
with_covariates,237,5478.191392
with_covariates,238,5434.631713
with_covariates,239,5503.724839
with_covariates,240,5457.601311
with_covariates,241,5634.986175
with_covariates,242,5556.401207
with_covariates,243,5479.419632
with_covariates,244,5561.423231
with_covariates,245,5607.38473
with_covariates,246,5397.830493
with_covariates,247,5827.196995
with_covariates,248,5973.618009
with_covariates,249,5698.628614
with_covariates,250,5942.552548
with_covariates,251,5712.430926
with_covariates,252,5677.606366
with_covariates,253,5614.838863
with_covariates,254,5397.697996
with_covariates,255,5718.453886
with_covariates,256,5432.259715
with_covariates,257,5486.551986
with_covariates,258,5252.647573
with_covariates,259,5526.701257
with_covariates,260,5594.705011
with_covariates,261,5481.640994
with_covariates,262,5576.086017
with_covariates,263,5640.576971
with_covariates,264,5655.532238
with_covariates,265,5628.498238
with_covariates,266,5887.842162
with_covariates,267,5600.934334
with_covariates,268,5435.218574
with_covariates,269,5715.996486
with_covariates,270,5598.029021
with_covariates,271,5517.100236
with_covariates,272,5615.092483
with_covariates,273,5693.156716
with_covariates,274,5560.768529
with_covariates,275,5591.241366
with_covariates,276,5541.693956
with_covariates,277,5142.609086
with_covariates,278,5512.143739
with_covariates,279,5605.293003
with_covariates,280,5583.243698
with_covariates,281,5605.110312
with_covariates,282,5739.773354
with_covariates,283,5579.030393
with_covariates,284,5539.376327
with_covariates,285,5433.519332
with_covariates,286,5628.633984
with_covariates,287,5305.175782
with_covariates,288,5459.903464
with_covariates,289,5688.5663
with_covariates,290,5579.031516
with_covariates,291,5556.089136
with_covariates,292,5678.570405
with_covariates,293,5435.08711
with_covariates,294,5830.017615
with_covariates,295,5632.675008
with_covariates,296,5635.042437
with_covariates,297,5639.542993
with_covariates,298,5454.498029
with_covariates,299,5478.443364
with_covariates,300,5311.363701
with_covariates,301,5655.36895
with_covariates,302,5587.726793
with_covariates,303,5464.223042
with_covariates,304,5751.566143
with_covariates,305,5417.005858
with_covariates,306,5422.644218
with_covariates,307,5484.385625
with_covariates,308,5336.749264
with_covariates,309,5313.718461
with_covariates,310,5530.028211
with_covariates,311,5322.191568
with_covariates,312,5482.371489
with_covariates,313,5572.857291
with_covariates,314,5685.048569
with_covariates,315,5685.706097
with_covariates,316,5676.939793
with_covariates,317,5806.853174
with_covariates,318,5576.546962
with_covariates,319,5423.179893
with_covariates,320,5680.333342
with_covariates,321,5695.828565
with_covariates,322,5273.756778
with_covariates,323,5629.732195
with_covariates,324,5641.920406
with_covariates,325,5417.608065
with_covariates,326,5449.561065
with_covariates,327,5513.786131
with_covariates,328,5421.922467
with_covariates,329,5497.098204
with_covariates,330,5631.394764
with_covariates,331,5729.970514
with_covariates,332,6015.07113
with_covariates,333,5774.961548
with_covariates,334,5406.466046
with_covariates,335,5642.602462
with_covariates,336,6009.49372
with_covariates,337,5308.066993
with_covariates,338,5558.110005
with_covariates,339,5594.428594
with_covariates,340,5692.076264
with_covariates,341,5481.858698
with_covariates,342,5536.211104
with_covariates,343,5625.52621
with_covariates,344,5817.922867
with_covariates,345,5744.607707
with_covariates,346,5505.081267
with_covariates,347,5423.126299
with_covariates,348,5801.162632
with_covariates,349,5422.991114
with_covariates,350,6014.559733
with_covariates,351,5646.293473
with_covariates,352,5752.264654
with_covariates,353,5985.554685
with_covariates,354,5764.738061
with_covariates,355,5624.475355
with_covariates,356,5506.934955
with_covariates,357,5418.281729
with_covariates,358,5606.911446
with_covariates,359,5831.868113
with_covariates,360,5642.36224
with_covariates,361,5532.513538
with_covariates,362,5506.518144
with_covariates,363,5776.1869
with_covariates,364,5615.170757
with_covariates,365,5676.724451
with_covariates,366,5384.917155
with_covariates,367,5508.863707
with_covariates,368,5541.654886
with_covariates,369,5599.060361
with_covariates,370,5622.100864
with_covariates,371,5755.889811
with_covariates,372,5711.44284
with_covariates,373,5620.960524
with_covariates,374,5704.593932
with_covariates,375,5320.39345
with_covariates,376,5614.3696
with_covariates,377,5583.489761
with_covariates,378,5544.282393
with_covariates,379,5659.765115
with_covariates,380,5425.822186
with_covariates,381,5865.693915
with_covariates,382,5645.419455
with_covariates,383,5499.44983
with_covariates,384,5418.978197
with_covariates,385,5533.090203
with_covariates,386,5473.123124
with_covariates,387,5455.255506
with_covariates,388,5605.455088
with_covariates,389,5350.930448
with_covariates,390,5482.847641
with_covariates,391,5864.387196
with_covariates,392,5554.703356
with_covariates,393,5423.138612
with_covariates,394,5493.866672
with_covariates,395,5828.081854
with_covariates,396,5481.422467
with_covariates,397,5577.380264
with_covariates,398,5571.53796
with_covariates,399,5550.490215
with_covariates,400,5571.050166
with_covariates,401,5259.02749
with_covariates,402,5367.79182
with_covariates,403,5443.613977
with_covariates,404,5673.898855
with_covariates,405,5433.321551
with_covariates,406,5512.312656
with_covariates,407,5397.666129
with_covariates,408,5491.581653
with_covariates,409,5631.741639
with_covariates,410,5637.822444
with_covariates,411,5714.102281
with_covariates,412,5497.96694
with_covariates,413,5242.336337
with_covariates,414,5703.286214
with_covariates,415,6041.345796
with_covariates,416,5564.50825
with_covariates,417,5667.097299
with_covariates,418,5575.583256
with_covariates,419,5728.481663
with_covariates,420,5456.441421
with_covariates,421,5483.590187
with_covariates,422,5597.089133
with_covariates,423,5498.481452
with_covariates,424,5594.008579
with_covariates,425,5613.359034
with_covariates,426,5934.149901
with_covariates,427,5502.409133
with_covariates,428,5565.892759
with_covariates,429,5587.105642
with_covariates,430,5668.266248
with_covariates,431,5581.836697
with_covariates,432,5767.889564
with_covariates,433,5489.491304
with_covariates,434,5832.867362
with_covariates,435,5431.385243
with_covariates,436,5449.031058
with_covariates,437,5653.808212
with_covariates,438,5644.330767
with_covariates,439,5784.148511
with_covariates,440,5561.976352
with_covariates,441,5545.825562
with_covariates,442,5559.599069
with_covariates,443,5419.778136
with_covariates,444,5545.367905
with_covariates,445,5304.218311
with_covariates,446,5626.99986
with_covariates,447,5670.475961
with_covariates,448,5738.652974
with_covariates,449,5341.246296
with_covariates,450,5504.995022
with_covariates,451,5458.250748
with_covariates,452,5628.730552
with_covariates,453,5438.024351
with_covariates,454,5648.316286
with_covariates,455,5640.760066
with_covariates,456,5700.676095
with_covariates,457,5524.051931
with_covariates,458,5649.373886
with_covariates,459,5994.633804
with_covariates,460,5601.530768
with_covariates,461,5658.906064
with_covariates,462,5654.132867
with_covariates,463,5200.111375
with_covariates,464,5454.439799
with_covariates,465,5661.714037
with_covariates,466,5690.107998
with_covariates,467,5525.983808
with_covariates,468,5583.119629
with_covariates,469,5385.101848
with_covariates,470,5231.932679
with_covariates,471,5500.683445
with_covariates,472,5533.095154
with_covariates,473,5845.073677
with_covariates,474,5409.940429
with_covariates,475,5423.182956
with_covariates,476,5537.835627
with_covariates,477,5683.041478
with_covariates,478,5720.28271
with_covariates,479,5540.602462
with_covariates,480,5572.876652
with_covariates,481,5638.233116
with_covariates,482,5618.708144
with_covariates,483,5832.718683
with_covariates,484,5400.177755
with_covariates,485,5458.829406
with_covariates,486,5744.785913
with_covariates,487,5633.076434
with_covariates,488,5893.889054
with_covariates,489,5617.915372
with_covariates,490,5716.471634
with_covariates,491,5699.973046
with_covariates,492,5494.441702
with_covariates,493,5636.824088
with_covariates,494,5512.5582
with_covariates,495,5494.292593
with_covariates,496,5749.436858
with_covariates,497,5394.16888
with_covariates,498,5594.318392
with_covariates,499,5724.288033
with_covariates,500,5562.278583
with_covariates,501,5332.348268
with_covariates,502,5653.379591
with_covariates,503,5517.702685
with_covariates,504,5578.88882
with_covariates,505,5555.22658
with_covariates,506,5476.964523
with_covariates,507,5416.655256
with_covariates,508,5679.087385
with_covariates,509,5643.691946
with_covariates,510,5621.154177
with_covariates,511,5479.659537
with_covariates,512,5679.083234
with_covariates,513,5575.459338
with_covariates,514,5557.157635
with_covariates,515,5499.241961
with_covariates,516,5728.907926
with_covariates,517,5550.84377
with_covariates,518,5703.527481
with_covariates,519,5447.003082
with_covariates,520,5488.646842
with_covariates,521,5777.147999
with_covariates,522,5648.973282
with_covariates,523,5558.485743
with_covariates,524,5475.426665
with_covariates,525,5923.666989
with_covariates,526,5390.56123
with_covariates,527,5691.78573
with_covariates,528,5674.515871
with_covariates,529,5456.124567
with_covariates,530,5617.849247
with_covariates,531,5719.645505
with_covariates,532,5658.261392
with_covariates,533,5538.071198
with_covariates,534,5576.125051
with_covariates,535,5552.586511
with_covariates,536,5705.608053
with_covariates,537,5712.797108
with_covariates,538,5489.240401
with_covariates,539,5900.407476
with_covariates,540,5791.634114
with_covariates,541,5454.588007
with_covariates,542,5649.343897
with_covariates,543,5671.590419
with_covariates,544,5604.25771
with_covariates,545,5789.973245
with_covariates,546,5536.696661
with_covariates,547,5991.464891
with_covariates,548,5487.826708
with_covariates,549,5500.685891
with_covariates,550,5431.652445
with_covariates,551,5459.525705
with_covariates,552,5923.306411
with_covariates,553,5589.701875
with_covariates,554,5669.883844
with_covariates,555,5547.126876
with_covariates,556,5581.482183
with_covariates,557,5516.981483
with_covariates,558,5614.636333
with_covariates,559,5607.475524
with_covariates,560,5394.247919
with_covariates,561,5637.874834
with_covariates,562,5307.903339
with_covariates,563,5426.799407
with_covariates,564,5540.444525
with_covariates,565,5623.999151
with_covariates,566,5430.076164
with_covariates,567,5567.019828
with_covariates,568,5702.038405
with_covariates,569,5430.09351
with_covariates,570,5735.968291
with_covariates,571,5589.418025
with_covariates,572,5937.536136
with_covariates,573,5606.64591
with_covariates,574,5610.602451
with_covariates,575,5552.44713
with_covariates,576,5705.026961
with_covariates,577,5495.463376
with_covariates,578,5528.08545
with_covariates,579,5693.398089
with_covariates,580,5543.137861
with_covariates,581,5444.517927
with_covariates,582,5748.830035
with_covariates,583,5468.43378
with_covariates,584,5713.064526
with_covariates,585,5538.573478
with_covariates,586,5618.491068
with_covariates,587,5269.875295
with_covariates,588,5561.979021
with_covariates,589,5571.233236
with_covariates,590,5579.113106
with_covariates,591,5412.850304
with_covariates,592,5724.945359
with_covariates,593,5354.251054
with_covariates,594,5590.123747
with_covariates,595,5507.258449
with_covariates,596,5760.540072
with_covariates,597,5390.890509
with_covariates,598,5381.244488
with_covariates,599,5344.575815
with_covariates,600,5739.65803
with_covariates,601,5582.736075
with_covariates,602,5636.213965
with_covariates,603,5481.095438
with_covariates,604,5668.285425
with_covariates,605,5666.426293
with_covariates,606,5651.905387
with_covariates,607,5601.064665
with_covariates,608,5707.665965
with_covariates,609,5387.723643
with_covariates,610,5568.971643
with_covariates,611,5678.16641
with_covariates,612,5540.814021
with_covariates,613,5542.266863
with_covariates,614,5743.283911
with_covariates,615,5712.64884
with_covariates,616,5444.479772
with_covariates,617,5735.634444
with_covariates,618,5605.369355
with_covariates,619,5728.258713
with_covariates,620,5572.86955
with_covariates,621,5562.95141
with_covariates,622,5415.952398
with_covariates,623,5523.487422
with_covariates,624,5523.866419
with_covariates,625,5614.178987
with_covariates,626,5288.188623
with_covariates,627,5517.64438
with_covariates,628,5626.579812
with_covariates,629,5715.323035
with_covariates,630,5611.991054
with_covariates,631,5677.487488
with_covariates,632,5581.216412
with_covariates,633,5598.422862
with_covariates,634,5753.824838
with_covariates,635,5787.918948
with_covariates,636,5579.540478
with_covariates,637,5518.966351
with_covariates,638,5892.077266
with_covariates,639,5580.900378
with_covariates,640,5519.074383
with_covariates,641,5678.343039
with_covariates,642,5878.914902
with_covariates,643,5794.902795
with_covariates,644,5734.314008
with_covariates,645,5409.588289
with_covariates,646,5522.854108
with_covariates,647,5724.048555
with_covariates,648,5487.344809
with_covariates,649,5439.504221
with_covariates,650,5644.023213
with_covariates,651,5517.137163
with_covariates,652,5565.542928
with_covariates,653,5533.255462
with_covariates,654,5600.345277
with_covariates,655,5599.844093
with_covariates,656,5545.229172
with_covariates,657,5477.919048
with_covariates,658,5614.650969
with_covariates,659,5684.867346
with_covariates,660,5467.16748
with_covariates,661,5821.658818
with_covariates,662,5618.644042
with_covariates,663,5403.963182
with_covariates,664,5549.086749
with_covariates,665,5730.747837
with_covariates,666,5604.527322
with_covariates,667,5852.320631
with_covariates,668,5546.727026
with_covariates,669,5691.318891
with_covariates,670,5548.51788
with_covariates,671,5571.617075
with_covariates,672,5492.153995
with_covariates,673,5612.583015
with_covariates,674,5372.460686
with_covariates,675,5754.556846
with_covariates,676,6012.98555
with_covariates,677,5549.940229
with_covariates,678,5523.153114
with_covariates,679,5637.980403
with_covariates,680,5727.269253
with_covariates,681,5437.743193
with_covariates,682,5619.705762
with_covariates,683,5386.498993
with_covariates,684,5702.262706
with_covariates,685,5710.321489
with_covariates,686,5549.307672
with_covariates,687,5568.379113
with_covariates,688,5696.139285
with_covariates,689,5654.618492
with_covariates,690,5574.687317
with_covariates,691,5550.701913
with_covariates,692,5474.920425
with_covariates,693,5707.208656
with_covariates,694,5435.594427
with_covariates,695,5493.25722
with_covariates,696,5687.682905
with_covariates,697,5477.716072
with_covariates,698,5777.471138
with_covariates,699,5687.259687
with_covariates,700,5544.320613
with_covariates,701,5448.590298
with_covariates,702,5749.309278
with_covariates,703,5732.283883
with_covariates,704,5607.62612
with_covariates,705,5741.22128
with_covariates,706,5655.469642
with_covariates,707,5569.560544
with_covariates,708,5727.89859
with_covariates,709,5682.909394
with_covariates,710,5539.066868
with_covariates,711,5539.945338
with_covariates,712,5466.406038
with_covariates,713,5673.752354
with_covariates,714,5490.745045
with_covariates,715,5702.039825
with_covariates,716,5650.89258
with_covariates,717,5701.932797
with_covariates,718,5494.294079
with_covariates,719,5625.123453
with_covariates,720,5844.759736
with_covariates,721,5719.458657
with_covariates,722,5725.842796
with_covariates,723,5544.163899
with_covariates,724,5563.386377
with_covariates,725,5542.171328
with_covariates,726,5408.546564
with_covariates,727,5861.344487
with_covariates,728,5506.489132
with_covariates,729,5729.711045
with_covariates,730,5540.263218
with_covariates,731,5400.837438
with_covariates,732,5571.395038
with_covariates,733,5551.837882
with_covariates,734,5393.900461
with_covariates,735,5656.036522
with_covariates,736,5632.312816
with_covariates,737,5414.451477
with_covariates,738,5560.730515
with_covariates,739,5632.617966
with_covariates,740,5469.104139
with_covariates,741,5497.359366
with_covariates,742,5609.407279
with_covariates,743,5544.04956
with_covariates,744,5855.702479
with_covariates,745,5626.45583
with_covariates,746,5655.802208
with_covariates,747,5524.250851
with_covariates,748,5456.621581
with_covariates,749,5844.436304
with_covariates,750,5325.499773
with_covariates,751,5559.476589
with_covariates,752,5538.786747
with_covariates,753,5590.459213
with_covariates,754,5691.481797
with_covariates,755,5838.962545
with_covariates,756,5381.365939
with_covariates,757,5663.603881
with_covariates,758,5712.022185
with_covariates,759,5426.642097
with_covariates,760,5704.906592
with_covariates,761,5252.011054
with_covariates,762,5635.102311
with_covariates,763,5643.621881
with_covariates,764,5474.25609
with_covariates,765,5768.238316
with_covariates,766,5488.515593
with_covariates,767,5599.189131
with_covariates,768,5494.928458
with_covariates,769,5515.617853
with_covariates,770,5526.576353
with_covariates,771,5649.764892
with_covariates,772,5598.737722
with_covariates,773,5556.908779
with_covariates,774,5403.506583
with_covariates,775,5612.973966
with_covariates,776,5697.079548
with_covariates,777,5576.40468
with_covariates,778,5653.772729
with_covariates,779,5711.946726
with_covariates,780,5785.750603
with_covariates,781,5699.812074
with_covariates,782,5792.004881
with_covariates,783,5430.805878
with_covariates,784,5754.476673
with_covariates,785,5436.654404
with_covariates,786,5762.781216
with_covariates,787,5522.567022
with_covariates,788,5499.153301
with_covariates,789,5553.994137
with_covariates,790,5560.81183
with_covariates,791,5540.559721
with_covariates,792,5698.198998
with_covariates,793,5339.068
with_covariates,794,5684.38798
with_covariates,795,5581.559698
with_covariates,796,5478.870776
with_covariates,797,5772.709928
with_covariates,798,5517.493054
with_covariates,799,5801.360142
with_covariates,800,5518.594258
with_covariates,801,5737.373561
with_covariates,802,5487.879872
with_covariates,803,5521.167622
with_covariates,804,5619.550819
with_covariates,805,5491.526178
with_covariates,806,5531.184039
with_covariates,807,5532.479667
with_covariates,808,5309.399139
with_covariates,809,5434.449013
with_covariates,810,5597.59851
with_covariates,811,5561.04046
with_covariates,812,5767.669736
with_covariates,813,5709.637906
with_covariates,814,5789.571508
with_covariates,815,5441.124398
with_covariates,816,5474.975443
with_covariates,817,5576.580537
with_covariates,818,5627.290707
with_covariates,819,5644.652742
with_covariates,820,5493.89174
with_covariates,821,5493.875989
with_covariates,822,5577.313867
with_covariates,823,5581.236294
with_covariates,824,5534.932775
with_covariates,825,5593.476464
with_covariates,826,5703.364938
with_covariates,827,5755.020381
with_covariates,828,5736.801471
with_covariates,829,5446.264313
with_covariates,830,5631.793007
with_covariates,831,5564.92176
with_covariates,832,5496.968377
with_covariates,833,5676.532217
with_covariates,834,5822.679451
with_covariates,835,5563.63591
with_covariates,836,5535.601436
with_covariates,837,5454.600576
with_covariates,838,5497.290074
with_covariates,839,5591.006596
with_covariates,840,5484.184634
with_covariates,841,5537.563657
with_covariates,842,5458.42351
with_covariates,843,5632.505181
with_covariates,844,5892.918405
with_covariates,845,5449.385062
with_covariates,846,5496.672959
with_covariates,847,5580.909529
with_covariates,848,5353.216235
with_covariates,849,5349.290733
with_covariates,850,5613.501414
with_covariates,851,5601.091842
with_covariates,852,5635.812342
with_covariates,853,5414.421421
with_covariates,854,5492.851092
with_covariates,855,5700.796608
with_covariates,856,5629.241746
with_covariates,857,5634.48197
with_covariates,858,5397.993877
with_covariates,859,5737.369127
with_covariates,860,5587.718952
with_covariates,861,5603.627098
with_covariates,862,5594.180732
with_covariates,863,5473.655907
with_covariates,864,5657.660667
with_covariates,865,5619.26866
with_covariates,866,5581.737716
with_covariates,867,5535.293313
with_covariates,868,5570.052192
with_covariates,869,5636.588877
with_covariates,870,5727.107064
with_covariates,871,5413.350575
with_covariates,872,5778.489817
with_covariates,873,5538.906963
with_covariates,874,5813.916926
with_covariates,875,5547.795693
with_covariates,876,5587.70196
with_covariates,877,5584.245666
with_covariates,878,5539.357985
with_covariates,879,5675.199529
with_covariates,880,5587.308018
with_covariates,881,5346.462741
with_covariates,882,5606.603555
with_covariates,883,5617.909103
with_covariates,884,5444.356868
with_covariates,885,5576.352726
with_covariates,886,5529.03555
with_covariates,887,5456.963549
with_covariates,888,5501.714894
with_covariates,889,5828.369523
with_covariates,890,5531.158306
with_covariates,891,5492.897649
with_covariates,892,5485.26404
with_covariates,893,5596.430158
with_covariates,894,5534.551817
with_covariates,895,5828.376166
with_covariates,896,5492.384457
with_covariates,897,5706.10908
with_covariates,898,5668.12732
with_covariates,899,5799.143762
with_covariates,900,5623.318071
with_covariates,901,5551.524879
with_covariates,902,5736.67296
with_covariates,903,5500.717981
with_covariates,904,5713.933796
with_covariates,905,5732.525937
with_covariates,906,5636.042739
with_covariates,907,5618.646417
with_covariates,908,5545.083858
with_covariates,909,5291.106318
with_covariates,910,5514.192245
with_covariates,911,5730.733757
with_covariates,912,5586.506722
with_covariates,913,5500.591503
with_covariates,914,5564.689478
with_covariates,915,5355.038655
with_covariates,916,5508.632291
with_covariates,917,5611.440171
with_covariates,918,5585.755032
with_covariates,919,5957.826123
with_covariates,920,5475.982102
with_covariates,921,5695.116155
with_covariates,922,5686.903853
with_covariates,923,5546.308229
with_covariates,924,5554.779458
with_covariates,925,5522.40283
with_covariates,926,5399.920192
with_covariates,927,5679.99339
with_covariates,928,5661.365606
with_covariates,929,5440.845082
with_covariates,930,5475.438907
with_covariates,931,5845.59528
with_covariates,932,5480.327771
with_covariates,933,5451.642737
with_covariates,934,5702.816208
with_covariates,935,5605.846127
with_covariates,936,5800.256369
with_covariates,937,5718.500935
with_covariates,938,5367.223408
with_covariates,939,5556.163406
with_covariates,940,5467.079141
with_covariates,941,5634.963407
with_covariates,942,5425.417833
with_covariates,943,5575.523899
with_covariates,944,5542.662892
with_covariates,945,5553.474391
with_covariates,946,5536.002563
with_covariates,947,5844.488734
with_covariates,948,5541.512152
with_covariates,949,5649.935548
with_covariates,950,5468.576961
with_covariates,951,5583.002161
with_covariates,952,5635.648707
with_covariates,953,5653.613863
with_covariates,954,5559.836922
with_covariates,955,5557.574129
with_covariates,956,5274.116005
with_covariates,957,5570.425739
with_covariates,958,5695.538929
with_covariates,959,5486.383784
with_covariates,960,5556.876672
with_covariates,961,5624.880657
with_covariates,962,5413.944791
with_covariates,963,5562.273617
with_covariates,964,5525.095811
with_covariates,965,5633.211087
with_covariates,966,5659.450925
with_covariates,967,5326.457633
with_covariates,968,5589.983391
with_covariates,969,5709.971982
with_covariates,970,5563.067604
with_covariates,971,5544.826842
with_covariates,972,5573.912104
with_covariates,973,5478.161688
with_covariates,974,5485.964591
with_covariates,975,5440.742707
with_covariates,976,5603.199141
with_covariates,977,5600.209041
with_covariates,978,5757.046587
with_covariates,979,5574.151294
with_covariates,980,5410.009323
with_covariates,981,5610.26427
with_covariates,982,5367.549772
with_covariates,983,5506.271284
with_covariates,984,5548.264646
with_covariates,985,5466.885571
with_covariates,986,5752.177753
with_covariates,987,5546.498469
with_covariates,988,5537.462156
with_covariates,989,5506.224568
with_covariates,990,5795.24772
with_covariates,991,5798.686086
with_covariates,992,5623.531361
with_covariates,993,5601.759635
with_covariates,994,5860.532168
with_covariates,995,5606.173743
with_covariates,996,5346.388674
with_covariates,997,5661.426856
with_covariates,998,5501.352473
with_covariates,999,5575.598162
with_covariates,1000,5384.040609
