method  , sim_id, p, q  , time               , n_models, aic               , bic
stepwise,      1, 1, 4.0, 14.914425134658813 ,     14.0, 5734.627132789668 , 5768.981419742543
stepwise,      2, 2, 4.0, 20.149540185928345 ,     19.0, 5590.196811710977 , 5629.458853942834
stepwise,      3, 1, 4.0, 12.360738039016724 ,     13.0, 5632.626771483981 , 5666.981058436856
stepwise,      4, 1, 4.0, 14.626688003540039 ,     13.0, 5678.550605346281 , 5712.904892299156
stepwise,      5, 2, 0.0, 12.291875123977661 ,     11.0, 5429.788063271199 , 5449.419084387127
stepwise,      6, 1, 4.0, 13.304626941680908 ,     14.0, 5755.61796367378  , 5789.972250626654
stepwise,      7, 1, 6.0, 17.18605899810791  ,     18.0, 5661.286729495994 , 5705.456527006833
stepwise,      8, 1, 4.0, 12.956864833831787 ,     14.0, 5633.410771462391 , 5667.765058415265
stepwise,      9, 2, 5.0, 20.07007598876953  ,     18.0, 5676.496876805721 , 5720.66667431656
stepwise,     10, 1, 4.0, 12.725980997085571 ,     14.0, 5427.603500605042 , 5461.957787557917
stepwise,     11, 1, 5.0, 16.37041997909546  ,     17.0, 5909.151787620237 , 5948.413829852094
stepwise,     12, 1, 4.0, 12.17057991027832  ,     14.0, 5671.960106787546 , 5706.31439374042
stepwise,     13, 1, 4.0, 14.281921148300171 ,     14.0, 5713.404865468924 , 5747.759152421799
stepwise,     14, 1, 4.0, 12.063917875289917 ,     14.0, 5560.4677287293725, 5594.822015682247
stepwise,     15, 1, 4.0, 13.20953106880188  ,     14.0, 5779.961856688132 , 5814.316143641006
stepwise,     16, 1, 4.0, 15.062973022460938 ,     17.0, 5596.640737552904 , 5630.995024505779
stepwise,     17, 1, 4.0, 13.590837001800537 ,     14.0, 5614.583779787453 , 5648.9380667403275
stepwise,     18, 1, 5.0, 17.13407611846924  ,     16.0, 5554.413315945001 , 5593.675358176858
stepwise,     19, 1, 4.0, 14.323683977127075 ,     14.0, 5622.725483788054 , 5657.079770740928
stepwise,     20, 1, 6.0, 18.39630913734436  ,     19.0, 5735.961414016633 , 5780.131211527472
stepwise,     21, 1, 5.0, 16.509382009506226 ,     17.0, 5648.743705124743 , 5688.0057473566
stepwise,     22, 1, 5.0, 16.18003821372986  ,     17.0, 5510.475251617545 , 5549.737293849402
stepwise,     23, 2, 5.0, 20.55600595474243  ,     18.0, 5543.041356808409 , 5587.211154319248
stepwise,     24, 1, 2.0,  9.079293966293335 ,     10.0, 5508.6675439263445, 5533.206320321256
stepwise,     25, 2, 5.0, 20.698992013931274 ,     20.0, 5516.824351154424 , 5560.994148665263
stepwise,     26, 2, 5.0, 18.298355102539062 ,     20.0, 5589.089565614292 , 5633.259363125131
stepwise,     27, 1, 4.0, 12.870332956314087 ,     14.0, 5567.544003222139 , 5601.898290175013
stepwise,     28, 1, 4.0, 14.033798933029175 ,     13.0, 5470.120739271465 , 5504.47502622434
stepwise,     29, 1, 5.0, 15.001492023468018 ,     16.0, 5548.298906237786 , 5587.560948469642
stepwise,     30, 1, 5.0, 15.691372871398926 ,     16.0, 5459.87401491457  , 5499.1360571464265
stepwise,     31, 1, 1.0,  9.231770038604736 ,     11.0, 5617.344789538755 , 5636.975810654684
stepwise,     32, 1, 4.0, 12.82741117477417  ,     14.0, 5739.414697878365 , 5773.768984831239
stepwise,     33, 1, 7.0, 16.14216685295105  ,     17.0, 5716.4995982468145, 5765.577151036636
stepwise,     34, 1, 5.0, 16.181716918945312 ,     16.0, 5424.304226851966 , 5463.566269083823
stepwise,     35, 2, 6.0, 25.417349100112915 ,     19.0, 5545.5503265275565, 5594.627879317378
stepwise,     36, 1, 4.0, 12.656394958496094 ,     14.0, 5751.540476449523 , 5785.894763402398
stepwise,     37, 1, 4.0, 11.9807448387146   ,     14.0, 5731.2450625860165, 5765.599349538891
stepwise,     38, 1, 4.0, 12.84179401397705  ,     14.0, 5633.835944622013 , 5668.190231574888
stepwise,     39, 1, 5.0, 14.485673904418945 ,     16.0, 5722.149920669057 , 5761.411962900914
stepwise,     40, 1, 6.0, 16.978615045547485 ,     18.0, 5762.501428488968 , 5806.671225999807
stepwise,     41, 1, 5.0, 15.958194971084595 ,     16.0, 5552.142792041069 , 5591.404834272926
stepwise,     42, 1, 4.0, 14.271487951278687 ,     14.0, 5471.1513595581255, 5505.505646511
stepwise,     43, 1, 5.0, 14.729769945144653 ,     16.0, 5678.418700882846 , 5717.680743114703
stepwise,     44, 1, 5.0, 16.411237001419067 ,     17.0, 5803.275755422344 , 5842.537797654201
stepwise,     45, 1, 5.0, 19.390784978866577 ,     16.0, 5842.2714391837635, 5881.53348141562
stepwise,     46, 1, 4.0, 14.010879039764404 ,     14.0, 5517.695417897368 , 5552.049704850243
stepwise,     47, 1, 5.0, 15.814194917678833 ,     16.0, 5564.630063080824 , 5603.8921053126805
stepwise,     48, 1, 5.0, 15.252862930297852 ,     16.0, 5625.012201293687 , 5664.274243525544
stepwise,     49, 1, 5.0, 17.890053033828735 ,     15.0, 5635.020280466401 , 5674.282322698258
stepwise,     50, 1, 4.0, 14.59741997718811  ,     14.0, 5589.310918318105 , 5623.66520527098
stepwise,     51, 1, 4.0, 13.389425039291382 ,     14.0, 5749.257361942181 , 5783.611648895056
stepwise,     52, 1, 4.0, 13.807695150375366 ,     14.0, 5602.61498738511  , 5636.969274337985
stepwise,     53, 1, 4.0, 14.600307941436768 ,     13.0, 5416.968028258362 , 5451.322315211237
stepwise,     54, 1, 4.0, 12.188223838806152 ,     14.0, 5640.780849574853 , 5675.135136527728
stepwise,     55, 1, 1.0,  9.492318153381348 ,      9.0, 5666.847892307338 , 5686.478913423267
stepwise,     56, 1, 5.0, 16.363386869430542 ,     15.0, 5607.798676542249 , 5647.060718774106
stepwise,     57, 1, 4.0, 12.845733165740967 ,     13.0, 5662.512509054303 , 5696.866796007178
stepwise,     58, 1, 5.0, 15.433484077453613 ,     16.0, 5700.664012216505 , 5739.926054448362
stepwise,     59, 1, 5.0, 15.8608980178833   ,     16.0, 5486.978541073754 , 5526.240583305611
stepwise,     60, 2, 4.0, 20.419508934020996 ,     16.0, 5835.876449708603 , 5875.13849194046
stepwise,     61, 1, 4.0, 14.426141023635864 ,     14.0, 5550.321971134025 , 5584.6762580869
stepwise,     62, 1, 4.0, 12.090168952941895 ,     13.0, 5573.326624381954 , 5607.680911334829
stepwise,     63, 1, 1.0,  9.024775981903076 ,     11.0, 5580.248688264734 , 5599.8797093806625
stepwise,     64, 1, 5.0, 17.257342100143433 ,     17.0, 5550.258047038042 , 5589.520089269899
stepwise,     65, 1, 5.0, 14.128920078277588 ,     16.0, 5466.848640657187 , 5506.110682889044
stepwise,     66, 1, 4.0, 13.944885969161987 ,     14.0, 5485.069999305301 , 5519.424286258176
stepwise,     67, 1, 6.0, 18.08273196220398  ,     18.0, 5600.340188349907 , 5644.509985860746
stepwise,     68, 1, 5.0, 15.752985954284668 ,     16.0, 5475.771458424486 , 5515.033500656343
stepwise,     69, 1, 5.0, 15.645242929458618 ,     16.0, 5513.797389669672 , 5553.059431901529
stepwise,     70, 1, 4.0, 14.187520027160645 ,     14.0, 5487.764692408049 , 5522.118979360924
stepwise,     71, 1, 4.0, 13.306972026824951 ,     13.0, 5635.913635931864 , 5670.267922884738
stepwise,     72, 1, 4.0, 13.981797933578491 ,     14.0, 5736.317187514111 , 5770.671474466985
stepwise,     73, 1, 5.0, 18.42623281478882  ,     16.0, 5797.589132392023 , 5836.85117462388
stepwise,     74, 3, 4.0, 31.605396032333374 ,     20.0, 5402.152248362511 , 5446.32204587335
stepwise,     75, 2, 7.0, 25.884264945983887 ,     20.0, 5482.880540010029 , 5536.865848078833
stepwise,     76, 1, 5.0, 17.86920189857483  ,     16.0, 5443.482948719852 , 5482.744990951709
stepwise,     77, 2, 6.0, 26.512344121932983 ,     21.0, 5577.16777526198  , 5626.245328051801
stepwise,     78, 1, 4.0, 14.77583909034729  ,     14.0, 5502.650049326047 , 5537.004336278922
stepwise,     79, 1, 4.0, 14.293909072875977 ,     14.0, 5801.848241944576 , 5836.202528897451
stepwise,     80, 1, 6.0, 19.646140098571777 ,     18.0, 5422.853850453272 , 5467.023647964111
stepwise,     81, 1, 5.0, 19.77869701385498  ,     18.0, 5595.311252726627 , 5634.5732949584835
stepwise,     82, 1, 5.0, 16.851790189743042 ,     16.0, 5617.134411613764 , 5656.396453845621
stepwise,     83, 1, 6.0, 35.35294818878174  ,     25.0, 5810.212177701374 , 5854.381975212213
stepwise,     84, 1, 5.0, 16.782269954681396 ,     16.0, 5664.855250559613 , 5704.1172927914695
stepwise,     85, 1, 6.0, 20.58438491821289  ,     19.0, 5536.107119352262 , 5580.276916863101
stepwise,     86, 1, 4.0, 15.993093967437744 ,     14.0, 5580.8572220769265, 5615.211509029801
stepwise,     87, 1, 4.0, 14.05838394165039  ,     14.0, 5822.060582055261 , 5856.414869008136
stepwise,     88, 1, 7.0, 57.312828063964844 ,     17.0, 5582.383673103808 , 5631.4612258936295
stepwise,     89, 1, 4.0, 14.22491192817688  ,     14.0, 5806.105945708512 , 5840.460232661387
stepwise,     90, 2, 6.0, 23.82733988761902  ,     20.0, 5574.4524260930875, 5623.529978882909
stepwise,     91, 1, 4.0, 14.335247039794922 ,     14.0, 5533.711372408927 , 5568.065659361801
stepwise,     92, 3, 5.0, 24.82096290588379  ,     17.0, 5779.107759135539 , 5828.18531192536
stepwise,     93, 1, 4.0, 14.953841924667358 ,     14.0, 5532.7370906529295, 5567.091377605804
stepwise,     94, 3, 6.0, 34.544212102890015 ,     22.0, 5377.804965263368 , 5431.790273332172
stepwise,     95, 1, 4.0, 13.841403007507324 ,     14.0, 5683.38216954933  , 5717.736456502204
stepwise,     96, 1, 5.0, 16.25857400894165  ,     16.0, 5452.068054119969 , 5491.330096351826
stepwise,     97, 2, 4.0, 22.363287925720215 ,     18.0, 5647.974522263679 , 5687.236564495536
stepwise,     98, 1, 5.0, 16.067128896713257 ,     16.0, 5768.01780837464  , 5807.279850606496
stepwise,     99, 1, 4.0, 14.10804295539856  ,     14.0, 5660.461488859763 , 5694.815775812638
stepwise,    100, 1, 5.0, 17.180282831192017 ,     16.0, 5416.887290262905 , 5456.149332494761
stepwise,    101, 1, 4.0, 14.242926120758057 ,     14.0, 5688.509581292762 , 5722.863868245637
stepwise,    102, 1, 1.0,  9.250515937805176 ,      9.0, 5583.535700809385 , 5603.166721925314
stepwise,    103, 1, 5.0, 15.725947856903076 ,     16.0, 5443.2300028532945, 5482.492045085151
stepwise,    104, 2, 2.0, 10.34512996673584  ,     10.0, 5800.053804104607 , 5829.500335778499
stepwise,    105, 2, 6.0, 23.204650163650513 ,     20.0, 5570.515219763375 , 5619.5927725531965
stepwise,    106, 1, 4.0, 12.198441982269287 ,     13.0, 5613.969847481228 , 5648.324134434102
stepwise,    107, 1, 4.0, 11.963770866394043 ,     14.0, 5485.342290126632 , 5519.696577079507
stepwise,    108, 1, 6.0, 16.491880893707275 ,     18.0, 5403.980007254395 , 5448.149804765234
stepwise,    109, 2, 6.0, 24.75671410560608  ,     21.0, 5703.811068730852 , 5752.888621520673
stepwise,    110, 1, 1.0,  6.812786102294922 ,      9.0, 5914.811863131559 , 5934.442884247488
stepwise,    111, 1, 2.0,  8.091958999633789 ,     10.0, 5452.973800157088 , 5477.512576551999
stepwise,    112, 2, 3.0, 12.536067962646484 ,     11.0, 5680.06703993132  , 5714.421326884195
stepwise,    113, 2, 4.0, 17.869909048080444 ,     18.0, 5788.398672620405 , 5827.660714852262
stepwise,    114, 1, 5.0, 14.770965099334717 ,     16.0, 5562.843858472228 , 5602.105900704085
stepwise,    115, 1, 5.0, 17.72186589241028  ,     16.0, 5720.428371252965 , 5759.690413484822
stepwise,    116, 1, 4.0, 12.823308944702148 ,     14.0, 5503.790852399242 , 5538.1451393521165
stepwise,    117, 1, 4.0, 12.362382173538208 ,     14.0, 5630.486838702129 , 5664.841125655003
stepwise,    118, 1, 4.0, 12.683118104934692 ,     14.0, 5284.835827243615 , 5319.19011419649
stepwise,    119, 1, 4.0, 12.408847093582153 ,     14.0, 5719.884827072003 , 5754.239114024877
stepwise,    120, 1, 1.0,  7.549547910690308 ,      9.0, 5624.90664696529  , 5644.537668081219
stepwise,    121, 2, 6.0, 20.02385187149048  ,     20.0, 5592.5250602768965, 5641.602613066718
stepwise,    122, 1, 5.0, 15.860241889953613 ,     17.0, 5589.956458316075 , 5629.218500547932
stepwise,    123, 1, 5.0, 14.037413120269775 ,     16.0, 5425.737336698361 , 5464.999378930218
stepwise,    124, 1, 4.0, 13.315972089767456 ,     14.0, 5505.985024692859 , 5540.339311645734
stepwise,    125, 1, 5.0, 14.099409103393555 ,     16.0, 5676.258762209793 , 5715.5208044416495
stepwise,    126, 1, 6.0, 18.48139500617981  ,     18.0, 5462.046169190434 , 5506.215966701273
stepwise,    127, 1, 4.0, 12.937170028686523 ,     14.0, 5534.429427081121 , 5568.783714033995
stepwise,    128, 1, 5.0, 14.851554870605469 ,     16.0, 5633.47977535959  , 5672.741817591447
stepwise,    129, 1, 7.0, 21.32631802558899  ,     20.0, 5622.995668324258 , 5672.073221114079
stepwise,    130, 2, 4.0, 17.748897075653076 ,     13.0, 5351.8330366698365, 5391.095078901693
stepwise,    131, 1, 4.0, 12.528438091278076 ,     14.0, 5743.5496470361   , 5777.903933988975
stepwise,    132, 1, 5.0, 13.997657060623169 ,     16.0, 5623.093505348702 , 5662.355547580559
stepwise,    133, 2, 5.0, 19.24140691757202  ,     18.0, 5435.180788240777 , 5479.350585751616
stepwise,    134, 2, 4.0, 17.348243951797485 ,     18.0, 5664.093332243039 , 5703.355374474896
stepwise,    135, 1, 7.0, 16.656480073928833 ,     18.0, 5552.025408459761 , 5601.102961249582
stepwise,    136, 2, 6.0, 21.99686098098755  ,     20.0, 5507.636448695611 , 5556.714001485432
stepwise,    137, 1, 2.0,  8.471894025802612 ,     10.0, 5481.121021855763 , 5505.659798250674
stepwise,    138, 1, 4.0, 12.687037944793701 ,     14.0, 5370.693812563237 , 5405.0480995161115
stepwise,    139, 1, 4.0, 13.418224096298218 ,     14.0, 5564.295227760858 , 5598.649514713733
stepwise,    140, 1, 5.0, 16.30955696105957  ,     17.0, 5621.636646655058 , 5660.898688886915
stepwise,    141, 1, 4.0, 12.913301944732666 ,     14.0, 5648.978080796738 , 5683.332367749613
stepwise,    142, 1, 5.0, 14.545176982879639 ,     16.0, 5655.867962936372 , 5695.130005168229
stepwise,    143, 1, 6.0, 16.033985137939453 ,     18.0, 5697.5208719247275, 5741.690669435567
stepwise,    144, 1, 4.0, 12.790786027908325 ,     14.0, 5847.678068538151 , 5882.032355491026
stepwise,    145, 1, 4.0, 12.964120149612427 ,     14.0, 5409.449662189144 , 5443.803949142019
stepwise,    146, 1, 4.0, 13.021595001220703 ,     14.0, 5569.27958309773  , 5603.633870050605
stepwise,    147, 1, 5.0, 14.596174955368042 ,     16.0, 5613.702784847271 , 5652.964827079128
stepwise,    148, 1, 4.0, 12.70320200920105  ,     14.0, 5552.094558361801 , 5586.448845314676
stepwise,    149, 2, 4.0, 21.370616912841797 ,     19.0, 5676.720732978985 , 5715.982775210842
stepwise,    150, 1, 5.0, 13.254647970199585 ,     16.0, 5571.622118681707 , 5610.884160913564
stepwise,    151, 1, 5.0, 14.559662103652954 ,     16.0, 5323.128230473866 , 5362.390272705723
stepwise,    152, 1, 4.0, 12.078289031982422 ,     14.0, 5688.184271578962 , 5722.538558531836
stepwise,    153, 1, 5.0, 14.575207948684692 ,     16.0, 5626.6445259559305, 5665.906568187787
stepwise,    154, 1, 6.0, 17.998126983642578 ,     19.0, 5721.8834252683955, 5766.053222779235
stepwise,    155, 1, 4.0, 12.3051118850708   ,     14.0, 5459.449038561504 , 5493.803325514378
stepwise,    156, 1, 5.0, 15.885360956192017 ,     17.0, 5637.3962562207935, 5676.65829845265
stepwise,    157, 1, 2.0,  8.560894966125488 ,     10.0, 5541.024232209574 , 5565.563008604485
stepwise,    158, 1, 4.0, 12.637035846710205 ,     14.0, 5604.681383070876 , 5639.035670023751
stepwise,    159, 1, 4.0, 12.475096940994263 ,     14.0, 5577.613362064292 , 5611.967649017167
stepwise,    160, 1, 4.0, 11.844192028045654 ,     14.0, 5757.840994399804 , 5792.195281352679
stepwise,    161, 2, 2.0, 10.134651899337769 ,     10.0, 5508.8761307991335, 5538.322662473026
stepwise,    162, 1, 5.0, 14.546618938446045 ,     16.0, 5542.312226951704 , 5581.574269183561
stepwise,    163, 1, 4.0, 12.595262050628662 ,     14.0, 5450.439245320043 , 5484.793532272917
stepwise,    164, 2, 4.0, 14.918866872787476 ,     16.0, 5731.989067154322 , 5771.2511093861785
stepwise,    165, 1, 5.0, 15.103123903274536 ,     16.0, 5469.352064939415 , 5508.614107171272
stepwise,    166, 1, 4.0, 12.278084993362427 ,     14.0, 5543.63664570138  , 5577.990932654255
stepwise,    167, 1, 4.0, 12.423356056213379 ,     14.0, 5451.219098567678 , 5485.573385520553
stepwise,    168, 1, 4.0, 12.120843172073364 ,     14.0, 5582.686844734452 , 5617.041131687327
stepwise,    169, 1, 4.0, 12.254552125930786 ,     14.0, 5572.650212947964 , 5607.004499900839
stepwise,    170, 1, 5.0, 16.314388036727905 ,     17.0, 5443.821814851528 , 5483.083857083385
stepwise,    171, 2, 4.0, 20.008858919143677 ,     19.0, 5720.9144716272   , 5760.176513859057
stepwise,    172, 1, 5.0, 16.367051124572754 ,     17.0, 5821.256978669381 , 5860.519020901238
stepwise,    173, 1, 5.0, 14.858218908309937 ,     16.0, 5537.280409547519 , 5576.542451779376
stepwise,    174, 2, 0.0,  9.578534126281738 ,     11.0, 5540.759229005118 , 5560.390250121047
stepwise,    175, 1, 4.0, 12.12061095237732  ,     14.0, 5407.992249986707 , 5442.346536939582
stepwise,    176, 2, 0.0,  9.853522062301636 ,     11.0, 5680.466071337084 , 5700.097092453013
stepwise,    177, 1, 5.0, 13.655954122543335 ,     16.0, 5831.68147646765  , 5870.943518699507
stepwise,    178, 1, 6.0, 15.982676982879639 ,     19.0, 5460.952491967645 , 5505.122289478484
stepwise,    179, 1, 5.0, 15.222676038742065 ,     15.0, 5410.506487211552 , 5449.768529443409
stepwise,    180, 2, 6.0, 20.131354808807373 ,     20.0, 5613.556659484248 , 5662.634212274069
stepwise,    181, 1, 4.0, 12.479690074920654 ,     14.0, 5630.425010484955 , 5664.77929743783
stepwise,    182, 2, 0.0,  9.357424020767212 ,     11.0, 5678.9321006613   , 5698.563121777229
stepwise,    183, 1, 5.0, 16.165071964263916 ,     15.0, 5412.164362161185 , 5451.426404393042
stepwise,    184, 1, 7.0, 18.262817859649658 ,     18.0, 5313.7125533989765, 5362.790106188798
stepwise,    185, 1, 5.0, 15.545858144760132 ,     16.0, 5480.159580979685 , 5519.421623211542
stepwise,    186, 1, 4.0, 12.465718030929565 ,     14.0, 5816.793975377349 , 5851.148262330224
stepwise,    187, 1, 5.0, 14.849874019622803 ,     16.0, 5693.902128978262 , 5733.164171210119
stepwise,    188, 2, 4.0, 19.62246608734131  ,     18.0, 5456.78484584007  , 5496.046888071927
stepwise,    189, 1, 4.0, 11.534361839294434 ,     14.0, 5588.68416206477  , 5623.038449017645
stepwise,    190, 3, 4.0, 25.151151180267334 ,     21.0, 5488.732699876746 , 5532.902497387585
stepwise,    191, 1, 5.0, 16.404361963272095 ,     17.0, 5693.559601949967 , 5732.821644181824
stepwise,    192, 1, 5.0, 14.100997924804688 ,     16.0, 5680.969959904087 , 5720.232002135944
stepwise,    193, 1, 5.0, 15.138306140899658 ,     16.0, 5475.256196734482 , 5514.518238966339
stepwise,    194, 1, 4.0, 11.712218046188354 ,     14.0, 5724.870910490303 , 5759.225197443177
stepwise,    195, 2, 4.0, 14.861843824386597 ,     13.0, 5634.222839606525 , 5673.484881838382
stepwise,    196, 1, 4.0, 12.19379210472107  ,     14.0, 5585.660316535541 , 5620.014603488416
stepwise,    197, 1, 4.0, 14.05896782875061  ,     14.0, 5556.846922153579 , 5591.2012091064535
stepwise,    198, 2, 4.0, 18.60944700241089  ,     18.0, 5744.624829758532 , 5783.8868719903885
stepwise,    199, 1, 4.0, 13.301431894302368 ,     14.0, 5453.457445299603 , 5487.811732252478
stepwise,    200, 1, 5.0, 16.903146982192993 ,     17.0, 5650.17641114437  , 5689.438453376227
stepwise,    201, 1, 4.0, 12.198873043060303 ,     14.0, 5688.718098842353 , 5723.072385795228
stepwise,    202, 3, 2.0, 15.25430703163147  ,     16.0, 5523.314919019076 , 5557.669205971951
stepwise,    203, 1, 6.0, 20.304129123687744 ,     19.0, 5383.5448214156495, 5427.714618926489
stepwise,    204, 1, 4.0, 14.064194917678833 ,     14.0, 5633.747513334308 , 5668.101800287182
stepwise,    205, 2, 5.0, 23.793267965316772 ,     18.0, 5714.916169454362 , 5759.085966965201
stepwise,    206, 1, 4.0, 13.333550930023193 ,     13.0, 5711.5033867494085, 5745.857673702283
stepwise,    207, 1, 4.0, 15.507697820663452 ,     14.0, 5497.530330951929 , 5531.884617904803
stepwise,    208, 1, 6.0, 17.457932949066162 ,     18.0, 5358.60218245747  , 5402.771979968309
stepwise,    209, 2, 6.0, 20.28441286087036  ,     20.0, 5399.782169256087 , 5448.859722045909
stepwise,    210, 1, 4.0, 13.58823013305664  ,     14.0, 5532.146140964817 , 5566.500427917692
stepwise,    211, 1, 4.0, 13.866466045379639 ,     14.0, 5626.014519253712 , 5660.368806206587
stepwise,    212, 1, 5.0, 14.341080904006958 ,     16.0, 5397.855524330948 , 5437.117566562805
stepwise,    213, 2, 4.0, 21.644453048706055 ,     19.0, 5723.897119145417 , 5763.159161377273
stepwise,    214, 1, 4.0, 12.679569959640503 ,     13.0, 5686.540241418807 , 5720.894528371682
stepwise,    215, 1, 7.0, 16.587076902389526 ,     18.0, 5651.5095600807845, 5700.587112870606
stepwise,    216, 1, 4.0, 12.64565896987915  ,     14.0, 5651.480506277871 , 5685.834793230746
stepwise,    217, 2, 2.0,  9.45239806175232  ,     10.0, 5739.00378839422  , 5768.450320068112
stepwise,    218, 1, 4.0, 13.124660015106201 ,     14.0, 5735.680129816888 , 5770.034416769763
stepwise,    219, 2, 0.0, 10.172877073287964 ,     12.0, 5839.178909811447 , 5858.809930927376
stepwise,    220, 1, 4.0, 12.677258014678955 ,     14.0, 5545.73902584471  , 5580.093312797585
stepwise,    221, 2, 7.0, 19.272578954696655 ,     20.0, 5735.72838463451  , 5789.713692703313
stepwise,    222, 1, 5.0, 14.35788106918335  ,     16.0, 5761.484319263851 , 5800.746361495708
stepwise,    223, 2, 0.0,  9.786293983459473 ,     12.0, 5432.408175297941 , 5452.03919641387
stepwise,    224, 1, 5.0, 14.067308902740479 ,     16.0, 5400.575488388887 , 5439.837530620744
stepwise,    225, 1, 5.0, 15.35936689376831  ,     17.0, 5769.168376144725 , 5808.430418376582
stepwise,    226, 4, 6.0, 33.84807801246643  ,     28.0, 5733.136956869867 , 5792.030020217653
stepwise,    227, 2, 5.0, 20.983168125152588 ,     18.0, 5736.86103232598  , 5781.030829836819
stepwise,    228, 1, 4.0, 12.706490993499756 ,     14.0, 5626.5277682810265, 5660.882055233901
stepwise,    229, 1, 4.0, 14.186927080154419 ,     14.0, 5444.8328167132995, 5479.187103666174
stepwise,    230, 1, 5.0, 22.315582990646362 ,     17.0, 5501.457782699486 , 5540.719824931343
stepwise,    231, 1, 5.0, 18.130079984664917 ,     17.0, 5446.418924626964 , 5485.680966858821
stepwise,    232, 1, 4.0, 11.935353994369507 ,     14.0, 5620.976128953902 , 5655.330415906777
stepwise,    233, 1, 5.0, 14.707832098007202 ,     16.0, 5779.817804782667 , 5819.079847014524
stepwise,    234, 1, 5.0, 16.864399194717407 ,     15.0, 5409.162081873538 , 5448.424124105395
stepwise,    235, 1, 4.0, 79.22246789932251  ,     13.0, 5789.4374691275525, 5823.791756080427
stepwise,    236, 2, 6.0, 22.165621042251587 ,     20.0, 5713.983511703949 , 5763.061064493771
stepwise,    237, 2, 4.0, 18.584249019622803 ,     18.0, 5398.280711255678 , 5437.542753487535
stepwise,    238, 1, 4.0, 12.478344202041626 ,     14.0, 5463.588409747423 , 5497.942696700297
stepwise,    239, 1, 4.0, 11.72822117805481  ,     14.0, 5543.316495633694 , 5577.670782586569
stepwise,    240, 1, 5.0, 13.695281982421875 ,     16.0, 5634.211723337122 , 5673.473765568979
stepwise,    241, 2, 1.0, 10.682379961013794 ,     12.0, 5637.473257984957 , 5662.012034379868
stepwise,    242, 1, 5.0, 16.71269392967224  ,     17.0, 5559.684096282779 , 5598.946138514636
stepwise,    243, 1, 4.0, 12.958632946014404 ,     14.0, 5534.034681122748 , 5568.388968075623
stepwise,    244, 1, 6.0, 17.263588905334473 ,     18.0, 5608.963214157587 , 5653.133011668426
stepwise,    245, 1, 5.0, 13.498454093933105 ,     16.0, 5770.236481982647 , 5809.498524214504
stepwise,    246, 2, 4.0, 34.72375702857971  ,     22.0, 5520.828744493944 , 5560.090786725801
stepwise,    247, 1, 4.0, 12.466439962387085 ,     14.0, 5658.2887700744795, 5692.643057027354
stepwise,    248, 1, 4.0, 11.605252981185913 ,     13.0, 5500.266036971251 , 5534.620323924126
stepwise,    249, 2, 6.0, 20.998394012451172 ,     20.0, 5463.390772151815 , 5512.468324941637
stepwise,    250, 1, 4.0, 14.32594919204712  ,     14.0, 5297.1586109950185, 5331.512897947893
stepwise,    251, 1, 6.0, 20.9231059551239   ,     19.0, 5676.157474114429 , 5720.327271625268
stepwise,    252, 1, 4.0, 14.132867813110352 ,     14.0, 5482.551614549859 , 5516.905901502733
stepwise,    253, 1, 4.0, 11.69424295425415  ,     14.0, 5638.9083805011805, 5673.262667454055
stepwise,    254, 3, 5.0, 28.88621497154236  ,     22.0, 5620.523577381424 , 5669.601130171245
stepwise,    255, 1, 4.0, 14.023590087890625 ,     14.0, 5377.160549251343 , 5411.514836204217
stepwise,    256, 2, 5.0, 18.677311897277832 ,     18.0, 5712.42966185619  , 5756.599459367029
stepwise,    257, 1, 6.0, 18.56930112838745  ,     19.0, 5446.293331067241 , 5490.46312857808
stepwise,    258, 2, 6.0, 21.616252899169922 ,     17.0, 5693.740357968923 , 5742.817910758744
stepwise,    259, 1, 4.0, 11.942394018173218 ,     14.0, 5638.751032164967 , 5673.105319117842
stepwise,    260, 1, 4.0, 12.436429977416992 ,     14.0, 5521.581804748113 , 5555.936091700988
stepwise,    261, 2, 0.0,  9.537446022033691 ,     11.0, 5737.07428920026  , 5756.705310316189
stepwise,    262, 1, 5.0, 14.642822980880737 ,     16.0, 5631.845770608839 , 5671.107812840696
stepwise,    263, 1, 4.0, 12.159938097000122 ,     14.0, 5778.927347370801 , 5813.2816343236755
stepwise,    264, 1, 4.0, 12.161412000656128 ,     13.0, 5693.928982071753 , 5728.283269024628
stepwise,    265, 1, 4.0, 12.059800863265991 ,     14.0, 5522.658693125522 , 5557.012980078397
stepwise,    266, 1, 5.0, 15.38399887084961  ,     17.0, 5613.6558482708515, 5652.917890502708
stepwise,    267, 1, 6.0, 17.667768955230713 ,     19.0, 5876.518210331588 , 5920.688007842427
stepwise,    268, 1, 4.0, 11.963331937789917 ,     14.0, 5678.075739989004 , 5712.430026941879
stepwise,    269, 1, 5.0, 15.529352903366089 ,     16.0, 5530.130130377885 , 5569.3921726097415
stepwise,    270, 2, 4.0, 17.165114164352417 ,     18.0, 5785.459700191051 , 5824.7217424229075
stepwise,    271, 1, 1.0,  7.001559019088745 ,      9.0, 5755.995138297534 , 5775.626159413463
stepwise,    272, 1, 5.0, 14.217584133148193 ,     16.0, 5608.894641411799 , 5648.156683643656
stepwise,    273, 1, 4.0, 11.977872133255005 ,     14.0, 5631.476888187455 , 5665.83117514033
stepwise,    274, 1, 5.0, 13.893244981765747 ,     16.0, 5641.744513331964 , 5681.006555563821
stepwise,    275, 2, 4.0, 16.867993116378784 ,     18.0, 5639.345344922032 , 5678.607387153889
stepwise,    276, 2, 3.0, 12.087347984313965 ,     11.0, 5745.853731890204 , 5780.208018843078
stepwise,    277, 1, 5.0, 15.574311971664429 ,     15.0, 5617.510013044526 , 5656.772055276383
stepwise,    278, 1, 5.0, 14.930434942245483 ,     16.0, 5697.143105530257 , 5736.405147762114
stepwise,    279, 1, 5.0, 15.654541969299316 ,     15.0, 5517.072947634697 , 5556.334989866554
stepwise,    280, 2, 6.0, 21.444382190704346 ,     20.0, 5694.031100976169 , 5743.10865376599
stepwise,    281, 1, 5.0, 16.27625298500061  ,     17.0, 5574.6089285682065, 5613.870970800063
stepwise,    282, 1, 5.0, 16.421058893203735 ,     16.0, 5551.3908667127935, 5590.65290894465
stepwise,    283, 2, 0.0,  9.46553897857666  ,     11.0, 5505.74526977316  , 5525.3762908890885
stepwise,    284, 1, 5.0, 15.869472980499268 ,     17.0, 5541.5440158714   , 5580.806058103257
stepwise,    285, 1, 4.0, 12.924329996109009 ,     14.0, 5439.981206931873 , 5474.335493884748
stepwise,    286, 1, 4.0, 11.857349872589111 ,     14.0, 5420.862296018707 , 5455.216582971581
stepwise,    287, 1, 4.0, 12.521793842315674 ,     14.0, 5344.4609447533985, 5378.815231706273
stepwise,    288, 2, 0.0,  9.340247869491577 ,     11.0, 5781.671396568834 , 5801.302417684763
stepwise,    289, 2, 4.0, 18.901108026504517 ,     18.0, 5352.771427691362 , 5392.033469923219
stepwise,    290, 1, 2.0,  8.677417039871216 ,     10.0, 5613.550921748173 , 5638.089698143084
stepwise,    291, 1, 5.0, 14.64675498008728  ,     16.0, 5430.065460398455 , 5469.327502630312
stepwise,    292, 1, 5.0, 15.280746936798096 ,     16.0, 5496.178380465837 , 5535.440422697694
stepwise,    293, 1, 5.0, 14.69711709022522  ,     16.0, 5435.915779361281 , 5475.177821593138
stepwise,    294, 1, 2.0,  8.613987922668457 ,     10.0, 5650.558776131063 , 5675.097552525974
stepwise,    295, 1, 5.0, 13.05516004562378  ,     16.0, 5573.254634141775 , 5612.5166763736315
stepwise,    296, 1, 1.0,  9.087840795516968 ,     11.0, 5650.606985600436 , 5670.238006716365
stepwise,    297, 1, 4.0, 13.283613920211792 ,     14.0, 5520.286457064973 , 5554.640744017847
stepwise,    298, 1, 5.0, 14.594260931015015 ,     16.0, 5698.8955042298985, 5738.157546461755
stepwise,    299, 1, 4.0, 13.543802976608276 ,     14.0, 5576.504718498665 , 5610.85900545154
stepwise,    300, 1, 6.0, 17.5353000164032   ,     19.0, 5820.263451949086 , 5864.433249459925
stepwise,    301, 1, 4.0, 11.621103048324585 ,     14.0, 5728.9839985796125, 5763.338285532487
stepwise,    302, 2, 5.0, 18.739455938339233 ,     18.0, 5603.570799288789 , 5647.740596799628
stepwise,    303, 1, 4.0, 12.435455083847046 ,     14.0, 5609.919736144008 , 5644.274023096883
stepwise,    304, 1, 4.0, 12.157950162887573 ,     13.0, 5625.111700942314 , 5659.465987895189
stepwise,    305, 1, 5.0, 16.32892894744873  ,     17.0, 5552.513468508626 , 5591.775510740483
stepwise,    306, 2, 0.0,  9.918566942214966 ,     11.0, 5723.459555987955 , 5743.090577103884
stepwise,    307, 1, 5.0, 14.551371097564697 ,     16.0, 5490.182175784537 , 5529.444218016394
stepwise,    308, 2, 4.0, 18.239089012145996 ,     18.0, 5757.2506691494345, 5796.512711381291
stepwise,    309, 1, 5.0, 13.985013961791992 ,     16.0, 5690.668681251085 , 5729.930723482942
stepwise,    310, 1, 4.0, 13.151821851730347 ,     14.0, 5551.0503941215175, 5585.404681074392
stepwise,    311, 1, 1.0,  9.643592834472656 ,     11.0, 5753.9132992346995, 5773.544320350628
stepwise,    312, 1, 5.0, 15.437361001968384 ,     16.0, 5419.934661066714 , 5459.196703298571
stepwise,    313, 1, 4.0, 12.823144912719727 ,     14.0, 5543.094130121278 , 5577.4484170741525
stepwise,    314, 1, 4.0, 11.750494003295898 ,     13.0, 5576.622223017418 , 5610.976509970293
stepwise,    315, 2, 6.0, 18.802895069122314 ,     20.0, 5467.515755720684 , 5516.593308510505
stepwise,    316, 2, 5.0, 18.5117449760437   ,     18.0, 5415.929280640358 , 5460.099078151197
stepwise,    317, 1, 5.0, 14.890229940414429 ,     15.0, 5525.00258358634  , 5564.264625818197
stepwise,    318, 1, 5.0, 14.08583688735962  ,     16.0, 5875.46985888614  , 5914.731901117997
stepwise,    319, 2, 6.0, 23.328531980514526 ,     20.0, 5545.73932116649  , 5594.816873956312
stepwise,    320, 2, 6.0, 21.544999837875366 ,     20.0, 5253.247597265212 , 5302.325150055033
stepwise,    321, 1, 4.0, 13.123785972595215 ,     14.0, 5408.468070323465 , 5442.82235727634
stepwise,    322, 1, 4.0, 13.609147071838379 ,     14.0, 5817.354173156879 , 5851.708460109754
stepwise,    323, 1, 4.0, 11.846800804138184 ,     14.0, 5515.404507837119 , 5549.758794789994
stepwise,    324, 1, 6.0, 20.434202194213867 ,     20.0, 5518.367825547365 , 5562.537623058204
stepwise,    325, 1, 5.0, 15.63869595527649  ,     17.0, 5683.405152139628 , 5722.667194371485
stepwise,    326, 2, 1.0, 10.172981023788452 ,     12.0, 5641.554736024023 , 5666.093512418935
stepwise,    327, 1, 6.0, 16.128209829330444 ,     18.0, 5531.853978660536 , 5576.023776171375
stepwise,    328, 2, 2.0,  9.999821901321411 ,     10.0, 5373.595081309306 , 5403.041612983198
stepwise,    329, 1, 4.0, 12.982434034347534 ,     14.0, 5465.000881266981 , 5499.355168219856
stepwise,    330, 1, 5.0, 13.599094152450562 ,     16.0, 5722.975940859989 , 5762.237983091846
stepwise,    331, 2, 0.0,  9.903378009796143 ,     11.0, 5514.564383672358 , 5534.195404788287
stepwise,    332, 1, 5.0, 15.1941659450531   ,     16.0, 5425.4480922565335, 5464.71013448839
stepwise,    333, 1, 5.0, 15.939493894577026 ,     17.0, 5705.642159730889 , 5744.904201962746
stepwise,    334, 1, 4.0, 11.714484214782715 ,     13.0, 5747.791144059411 , 5782.145431012285
stepwise,    335, 2, 4.0, 19.415894985198975 ,     18.0, 5768.663562001042 , 5807.925604232899
stepwise,    336, 2, 6.0, 22.683640956878662 ,     20.0, 5493.442718517027 , 5542.520271306848
stepwise,    337, 1, 4.0, 13.132528066635132 ,     14.0, 5159.990154002215 , 5194.344440955089
stepwise,    338, 1, 1.0,  8.492398977279663 ,      9.0, 5510.221761939803 , 5529.852783055732
stepwise,    339, 1, 6.0, 16.875334978103638 ,     18.0, 5505.399200699786 , 5549.568998210625
stepwise,    340, 2, 5.0, 18.456746101379395 ,     18.0, 5430.410345704931 , 5474.5801432157705
stepwise,    341, 1, 4.0, 12.449023962020874 ,     14.0, 5621.686350410605 , 5656.04063736348
stepwise,    342, 1, 4.0, 12.982453107833862 ,     14.0, 5761.910483948418 , 5796.264770901293
stepwise,    343, 2, 3.0, 12.033814191818237 ,     11.0, 5495.481195816563 , 5529.8354827694375
stepwise,    344, 2, 6.0, 22.42039394378662  ,     20.0, 5486.112677504737 , 5535.190230294558
stepwise,    345, 1, 6.0, 18.025360822677612 ,     18.0, 5659.619967250453 , 5703.789764761292
stepwise,    346, 2, 5.0, 18.231431007385254 ,     17.0, 5570.006486471068 , 5614.176283981907
stepwise,    347, 1, 5.0, 14.378129959106445 ,     16.0, 5483.072208183716 , 5522.334250415573
stepwise,    348, 1, 5.0, 16.024245977401733 ,     16.0, 5612.256223970291 , 5651.518266202148
stepwise,    349, 1, 5.0, 13.270775079727173 ,     16.0, 5546.909382894206 , 5586.171425126063
stepwise,    350, 1, 4.0, 11.457907915115356 ,     14.0, 5680.435831077993 , 5714.790118030867
stepwise,    351, 1, 6.0, 18.947654962539673 ,     19.0, 5671.000595251967 , 5715.170392762806
stepwise,    352, 1, 5.0, 15.008470058441162 ,     16.0, 5499.736059639633 , 5538.99810187149
stepwise,    353, 1, 5.0, 14.738080978393555 ,     16.0, 5541.280902709004 , 5580.542944940861
stepwise,    354, 1, 5.0, 14.788711071014404 ,     16.0, 5520.926484746513 , 5560.18852697837
stepwise,    355, 1, 5.0, 14.26349401473999  ,     15.0, 5636.909758737622 , 5676.171800969479
stepwise,    356, 1, 5.0, 14.486162900924683 ,     15.0, 5887.1004387819385, 5926.362481013795
stepwise,    357, 1, 4.0, 12.197709083557129 ,     14.0, 5410.817754805862 , 5445.172041758737
stepwise,    358, 1, 4.0, 13.390060901641846 ,     14.0, 5544.033723697842 , 5578.388010650717
stepwise,    359, 1, 4.0, 11.570194005966187 ,     14.0, 5712.1918276720035, 5746.546114624878
stepwise,    360, 1, 4.0, 11.746678113937378 ,     14.0, 5839.864230396326 , 5874.218517349201
stepwise,    361, 1, 4.0, 12.632702112197876 ,     14.0, 5515.717223161577 , 5550.0715101144515
stepwise,    362, 1, 5.0, 15.413717031478882 ,     16.0, 5614.526476369371 , 5653.788518601228
stepwise,    363, 1, 4.0, 11.789041996002197 ,     13.0, 5496.749255654183 , 5531.1035426070575
stepwise,    364, 2, 6.0, 20.918971061706543 ,     19.0, 5573.56434526254  , 5622.641898052361
stepwise,    365, 1, 5.0, 14.754127979278564 ,     16.0, 5454.999154308176 , 5494.261196540033
stepwise,    366, 1, 4.0, 12.69945502281189  ,     14.0, 5420.825174015884 , 5455.179460968759
stepwise,    367, 1, 5.0, 13.803884983062744 ,     16.0, 5597.428670695115 , 5636.690712926972
stepwise,    368, 1, 5.0, 14.981774806976318 ,     16.0, 5502.7644234336   , 5542.026465665457
stepwise,    369, 1, 4.0, 13.715751886367798 ,     14.0, 5668.144193899362 , 5702.498480852237
stepwise,    370, 1, 4.0, 13.174571990966797 ,     14.0, 5455.918128333803 , 5490.272415286678
stepwise,    371, 1, 1.0,  5.39703893661499  ,      8.0, 5672.1229982285895, 5691.754019344518
stepwise,    372, 1, 5.0, 13.46845817565918  ,     16.0, 5672.1301120655635, 5711.39215429742
stepwise,    373, 1, 2.0,  9.060945987701416 ,     10.0, 5377.582860065233 , 5402.121636460144
stepwise,    374, 2, 6.0, 24.463876962661743 ,     21.0, 5653.116355910929 , 5702.19390870075
stepwise,    375, 1, 4.0, 12.374253034591675 ,     14.0, 5522.697231667019 , 5557.051518619894
stepwise,    376, 1, 5.0, 14.659575939178467 ,     16.0, 5558.864909633014 , 5598.1269518648705
stepwise,    377, 1, 6.0, 17.564026832580566 ,     19.0, 5552.6421443452855, 5596.811941856125
stepwise,    378, 2, 5.0, 18.711113929748535 ,     18.0, 5492.353425895935 , 5536.523223406774
stepwise,    379, 1, 6.0, 16.473067045211792 ,     18.0, 5518.041730525725 , 5562.211528036564
stepwise,    380, 1, 4.0, 12.277612924575806 ,     14.0, 5486.372920573052 , 5520.727207525927
stepwise,    381, 2, 4.0, 19.049314975738525 ,     19.0, 5603.374092237134 , 5642.636134468991
stepwise,    382, 1, 5.0, 14.947438955307007 ,     16.0, 5430.436975623712 , 5469.699017855569
stepwise,    383, 2, 0.0,  9.562177181243896 ,     11.0, 5569.26968823958  , 5588.900709355509
stepwise,    384, 1, 4.0, 13.652876853942871 ,     14.0, 5727.132001551488 , 5761.486288504363
stepwise,    385, 1, 4.0, 13.644161939620972 ,     14.0, 5406.833233351052 , 5441.187520303926
stepwise,    386, 1, 5.0, 15.068433046340942 ,     15.0, 5506.747106256305 , 5546.009148488162
stepwise,    387, 1, 5.0, 14.702916860580444 ,     16.0, 5569.4412946954035, 5608.70333692726
stepwise,    388, 2, 0.0,  9.513095140457153 ,     11.0, 5533.665063907454 , 5553.296085023383
stepwise,    389, 1, 4.0, 11.635238885879517 ,     14.0, 5680.955700143866 , 5715.309987096741
stepwise,    390, 1, 4.0, 13.357882022857666 ,     14.0, 5578.884239426238 , 5613.238526379113
stepwise,    391, 1, 4.0, 11.302309036254883 ,     14.0, 5923.474703802326 , 5957.828990755201
stepwise,    392, 2, 6.0, 22.042582035064697 ,     20.0, 5622.163894917904 , 5671.2414477077255
stepwise,    393, 2, 4.0, 17.894689083099365 ,     18.0, 5641.36244452563  , 5680.624486757487
stepwise,    394, 1, 5.0, 13.274833917617798 ,     16.0, 5697.104453781626 , 5736.366496013483
stepwise,    395, 1, 5.0, 15.842281818389893 ,     17.0, 5719.204279029611 , 5758.466321261468
stepwise,    396, 1, 5.0, 14.904918909072876 ,     16.0, 5483.780926632451 , 5523.042968864308
stepwise,    397, 1, 5.0, 13.392771005630493 ,     16.0, 5771.869056897683 , 5811.1310991295395
stepwise,    398, 1, 4.0, 12.948954105377197 ,     14.0, 5602.933719475555 , 5637.28800642843
stepwise,    399, 2, 6.0, 19.62965989112854  ,     20.0, 5655.9001152323335, 5704.977668022155
stepwise,    400, 1, 4.0, 11.824673175811768 ,     14.0, 5624.962831317512 , 5659.317118270386
stepwise,    401, 2, 6.0, 21.28737998008728  ,     19.0, 5480.346819292697 , 5529.424372082518
stepwise,    402, 1, 4.0, 12.045078992843628 ,     14.0, 5748.28613453579  , 5782.640421488664
stepwise,    403, 1, 1.0,  8.294646978378296 ,     11.0, 5705.357682833322 , 5724.9887039492505
stepwise,    404, 2, 4.0, 17.344507932662964 ,     18.0, 5616.30569799901  , 5655.567740230867
stepwise,    405, 1, 4.0, 14.183564186096191 ,     14.0, 5286.515066375045 , 5320.869353327919
stepwise,    406, 1, 5.0, 16.089462995529175 ,     17.0, 5456.105740748806 , 5495.367782980663
stepwise,    407, 1, 4.0, 12.207212924957275 ,     14.0, 5395.639893917198 , 5429.994180870072
stepwise,    408, 2, 4.0, 21.097142934799194 ,     19.0, 5799.513626509413 , 5838.77566874127
stepwise,    409, 1, 2.0,  8.65510082244873  ,     10.0, 5500.621603857765 , 5525.160380252676
stepwise,    410, 3, 2.0, 15.028295993804932 ,     14.0, 5717.558217802489 , 5751.912504755363
stepwise,    411, 1, 4.0, 12.935867071151733 ,     14.0, 5605.0224603045635, 5639.376747257438
stepwise,    412, 3, 7.0, 21.050112009048462 ,     21.0, 5589.325892283526 , 5648.2189556313115
stepwise,    413, 2, 4.0, 20.669163942337036 ,     19.0, 5503.646609044799 , 5542.908651276656
stepwise,    414, 1, 4.0, 13.49820613861084  ,     14.0, 5603.262174030173 , 5637.616460983048
stepwise,    415, 3, 4.0, 20.27239990234375  ,     16.0, 5467.745621392338 , 5511.915418903177
stepwise,    416, 1, 4.0, 11.833885908126831 ,     14.0, 5635.158532107066 , 5669.512819059941
stepwise,    417, 1, 4.0, 12.258662939071655 ,     13.0, 5357.937462541138 , 5392.291749494013
stepwise,    418, 1, 2.0,  8.624890089035034 ,     10.0, 5556.602236466747 , 5581.141012861658
stepwise,    419, 2, 0.0, 10.259278059005737 ,     12.0, 5675.187825205467 , 5694.8188463213955
stepwise,    420, 2, 6.0, 22.37308096885681  ,     21.0, 5306.762067174786 , 5355.839619964608
stepwise,    421, 1, 6.0, 16.508763074874878 ,     18.0, 5482.5920147638835, 5526.761812274723
stepwise,    422, 2, 4.0, 16.406147956848145 ,     18.0, 5584.298348873703 , 5623.56039110556
stepwise,    423, 1, 4.0, 13.023221015930176 ,     14.0, 5706.318493139606 , 5740.672780092481
stepwise,    424, 1, 4.0, 12.081677198410034 ,     14.0, 5703.828228383501 , 5738.182515336375
stepwise,    425, 1, 5.0, 15.795233011245728 ,     17.0, 5743.5352415847565, 5782.797283816613
stepwise,    426, 1, 4.0, 13.019551992416382 ,     14.0, 5648.081084692253 , 5682.435371645128
stepwise,    427, 1, 5.0, 15.713619947433472 ,     16.0, 5505.133616261383 , 5544.39565849324
stepwise,    428, 1, 6.0, 17.960113048553467 ,     20.0, 5992.814230585831 , 6036.98402809667
stepwise,    429, 1, 5.0, 14.80609917640686  ,     16.0, 5699.6370262396595, 5738.899068471516
stepwise,    430, 1, 6.0, 17.458622932434082 ,     19.0, 5762.983535458583 , 5807.153332969422
stepwise,    431, 1, 6.0, 17.529218912124634 ,     19.0, 5493.178954644338 , 5537.348752155177
stepwise,    432, 1, 2.0,  7.731316089630127 ,     10.0, 5583.125086182089 , 5607.663862577
stepwise,    433, 1, 4.0, 12.394088983535767 ,     14.0, 5593.464511929548 , 5627.818798882423
stepwise,    434, 2, 0.0,  8.523371934890747 ,     10.0, 5397.5478947520705, 5417.178915867999
stepwise,    435, 1, 6.0, 16.59345006942749  ,     18.0, 5553.984323995855 , 5598.1541215066945
stepwise,    436, 1, 4.0, 12.122111082077026 ,     14.0, 5645.502875216754 , 5679.857162169628
stepwise,    437, 1, 4.0, 12.558357000350952 ,     14.0, 5379.31680144284  , 5413.671088395715
stepwise,    438, 1, 5.0, 14.959522008895874 ,     16.0, 5457.912798652719 , 5497.174840884576
stepwise,    439, 2, 5.0, 18.58984398841858  ,     17.0, 5423.11773509154  , 5467.2875326023795
stepwise,    440, 1, 4.0, 12.086212873458862 ,     13.0, 5708.873826018753 , 5743.2281129716275
stepwise,    441, 3, 4.0, 23.480824947357178 ,     21.0, 5583.607330836367 , 5627.777128347206
stepwise,    442, 2, 6.0, 20.309001207351685 ,     20.0, 5439.329918882397 , 5488.407471672218
stepwise,    443, 1, 6.0, 16.74377703666687  ,     18.0, 5666.700658321018 , 5710.870455831857
stepwise,    444, 1, 1.0,  7.908138036727905 ,      9.0, 5813.232843228532 , 5832.863864344461
stepwise,    445, 1, 5.0, 13.61870288848877  ,     16.0, 5917.445007754751 , 5956.707049986608
stepwise,    446, 2, 2.0,  9.526490211486816 ,     10.0, 5642.125384735609 , 5671.571916409502
stepwise,    447, 2, 5.0, 17.95892906188965  ,     18.0, 5563.185443399185 , 5607.355240910024
stepwise,    448, 1, 5.0, 14.209165096282959 ,     16.0, 5593.538638110898 , 5632.800680342755
stepwise,    449, 1, 4.0, 11.428525924682617 ,     14.0, 5755.4188399261675, 5789.773126879042
stepwise,    450, 1, 5.0, 14.205044984817505 ,     16.0, 5569.590511709549 , 5608.852553941406
stepwise,    451, 2, 4.0, 17.673386096954346 ,     16.0, 5554.566718420249 , 5593.828760652106
stepwise,    452, 1, 2.0,  8.869797945022583 ,     10.0, 5633.209987704377 , 5657.748764099289
stepwise,    453, 1, 4.0, 12.237483978271484 ,     14.0, 5611.432093841849 , 5645.786380794723
stepwise,    454, 1, 4.0, 12.493141889572144 ,     14.0, 5203.692076051835 , 5238.04636300471
stepwise,    455, 1, 2.0,  8.756713151931763 ,     10.0, 5507.640528245222 , 5532.1793046401335
stepwise,    456, 3, 4.0, 20.952035903930664 ,     16.0, 5443.538617533299 , 5487.708415044138
stepwise,    457, 1, 5.0, 17.150460958480835 ,     16.0, 5486.091233054978 , 5525.353275286835
stepwise,    458, 2, 4.0, 17.53707790374756  ,     18.0, 5718.221680856791 , 5757.483723088648
stepwise,    459, 1, 4.0, 12.746096849441528 ,     14.0, 5591.042624275762 , 5625.396911228637
stepwise,    460, 1, 6.0, 15.449889898300171 ,     18.0, 5650.814007686786 , 5694.983805197625
stepwise,    461, 3, 4.0, 22.44073486328125  ,     21.0, 5742.289789170674 , 5786.459586681513
stepwise,    462, 1, 5.0, 13.406519174575806 ,     16.0, 5636.007549786249 , 5675.269592018106
stepwise,    463, 1, 4.0, 12.406877040863037 ,     14.0, 5598.356826358142 , 5632.711113311017
stepwise,    464, 2, 6.0, 20.400539875030518 ,     20.0, 5445.704074786728 , 5494.781627576549
stepwise,    465, 1, 4.0, 12.33939003944397  ,     14.0, 5526.349535999699 , 5560.703822952573
stepwise,    466, 1, 5.0, 14.48019814491272  ,     16.0, 5497.229820714998 , 5536.491862946855
stepwise,    467, 1, 1.0,  6.486051797866821 ,      9.0, 5986.867099288649 , 6006.498120404578
stepwise,    468, 1, 4.0, 12.521494150161743 ,     14.0, 5743.936477575906 , 5778.2907645287805
stepwise,    469, 1, 4.0, 12.400908946990967 ,     14.0, 5635.844254364063 , 5670.198541316938
stepwise,    470, 1, 4.0, 11.986033916473389 ,     14.0, 5390.049721594293 , 5424.404008547168
stepwise,    471, 1, 4.0, 12.949716091156006 ,     14.0, 5586.47164876996  , 5620.825935722834
stepwise,    472, 2, 5.0, 19.47763705253601  ,     18.0, 5626.64369093649  , 5670.813488447329
stepwise,    473, 1, 4.0, 12.38823390007019  ,     14.0, 5490.4496842901   , 5524.8039712429745
stepwise,    474, 1, 4.0, 13.009967803955078 ,     14.0, 5542.78704215766  , 5577.141329110535
stepwise,    475, 1, 4.0, 12.231911897659302 ,     13.0, 5457.35066834834  , 5491.704955301215
stepwise,    476, 1, 5.0, 15.408318042755127 ,     16.0, 5506.670754662484 , 5545.932796894341
stepwise,    477, 1, 7.0, 17.818898916244507 ,     17.0, 5316.556089891737 , 5365.633642681559
stepwise,    478, 2, 4.0, 17.921221017837524 ,     18.0, 5470.267832675854 , 5509.529874907711
stepwise,    479, 1, 5.0, 16.715275049209595 ,     17.0, 5695.938239000835 , 5735.200281232692
stepwise,    480, 1, 4.0, 13.174718856811523 ,     14.0, 5509.140547157715 , 5543.49483411059
stepwise,    481, 2, 0.0,  9.731220960617065 ,     11.0, 5525.971680410622 , 5545.602701526551
stepwise,    482, 1, 5.0, 13.850221872329712 ,     16.0, 5685.506657961739 , 5724.768700193596
stepwise,    483, 1, 4.0, 12.556516885757446 ,     14.0, 5425.747490488396 , 5460.10177744127
stepwise,    484, 1, 5.0, 13.655238151550293 ,     16.0, 5583.251566250388 , 5622.513608482245
stepwise,    485, 1, 5.0, 16.118531942367554 ,     17.0, 5532.638852772367 , 5571.9008950042235
stepwise,    486, 1, 2.0,  8.503659963607788 ,     10.0, 5420.139011518789 , 5444.6777879137
stepwise,    487, 2, 4.0, 17.95325803756714  ,     18.0, 5651.784071375484 , 5691.046113607341
stepwise,    488, 1, 6.0, 15.651777982711792 ,     18.0, 5613.801141663667 , 5657.970939174506
stepwise,    489, 1, 4.0, 12.560079097747803 ,     14.0, 5603.409059843913 , 5637.763346796788
stepwise,    490, 1, 5.0, 14.134711980819702 ,     16.0, 5385.045708436421 , 5424.307750668278
stepwise,    491, 1, 4.0, 12.321875810623169 ,     14.0, 5669.297070545818 , 5703.651357498693
stepwise,    492, 1, 6.0, 17.059165954589844 ,     18.0, 5490.917041905203 , 5535.0868394160425
stepwise,    493, 1, 4.0, 12.222459077835083 ,     14.0, 5507.165764325345 , 5541.520051278219
stepwise,    494, 2, 0.0,  9.65222692489624  ,     12.0, 5583.092116690904 , 5602.723137806833
stepwise,    495, 2, 5.0, 17.542688131332397 ,     18.0, 5590.945017976234 , 5635.114815487073
stepwise,    496, 1, 5.0, 14.364892959594727 ,     16.0, 5567.507301961012 , 5606.769344192869
stepwise,    497, 1, 4.0, 13.937280893325806 ,     14.0, 5729.13357855059  , 5763.4878655034645
stepwise,    498, 1, 5.0, 14.462660074234009 ,     16.0, 5500.585731944106 , 5539.8477741759625
stepwise,    499, 1, 4.0, 12.261559963226318 ,     14.0, 5627.3291994080855, 5661.68348636096
stepwise,    500, 2, 6.0, 21.74326801300049  ,     20.0, 5616.863000986866 , 5665.940553776687
stepwise,    501, 1, 5.0, 15.76154088973999  ,     17.0, 5557.915682417232 , 5597.177724649089
stepwise,    502, 1, 5.0, 16.158845901489258 ,     15.0, 5491.526097210145 , 5530.788139442002
stepwise,    503, 1, 5.0, 13.719262838363647 ,     16.0, 5467.178908103669 , 5506.4409503355255
stepwise,    504, 1, 5.0, 14.83226990699768  ,     16.0, 5571.316919182643 , 5610.5789614145
stepwise,    505, 1, 4.0, 12.187976121902466 ,     14.0, 5478.917286691637 , 5513.271573644512
stepwise,    506, 1, 5.0, 13.48130488395691  ,     16.0, 5633.599106481374 , 5672.861148713231
stepwise,    507, 2, 5.0, 19.858657836914062 ,     20.0, 5597.983581660157 , 5642.153379170996
stepwise,    508, 1, 6.0, 15.362589836120605 ,     18.0, 5557.804367925759 , 5601.974165436598
stepwise,    509, 2, 6.0, 27.423102140426636 ,     22.0, 5694.067347350599 , 5743.144900140421
stepwise,    510, 1, 6.0, 16.294883966445923 ,     18.0, 5543.703486925954 , 5587.873284436793
stepwise,    511, 1, 4.0, 13.083506107330322 ,     14.0, 5555.681365295407 , 5590.035652248282
stepwise,    512, 1, 4.0, 12.987802028656006 ,     14.0, 5463.804299052125 , 5498.158586005
stepwise,    513, 2, 4.0, 19.470004081726074 ,     18.0, 5515.06888141545  , 5554.330923647307
stepwise,    514, 1, 4.0, 13.727389097213745 ,     14.0, 5616.9941133695265, 5651.348400322401
stepwise,    515, 3, 5.0, 23.625200986862183 ,     17.0, 5641.756342337897 , 5690.833895127718
stepwise,    516, 1, 4.0, 12.522332906723022 ,     14.0, 5717.714380083403 , 5752.0686670362775
stepwise,    517, 1, 6.0, 17.933552026748657 ,     20.0, 5418.22465063032  , 5462.394448141159
stepwise,    518, 1, 5.0, 15.218036890029907 ,     16.0, 5701.722274799692 , 5740.984317031549
stepwise,    519, 3, 1.0, 13.472522974014282 ,     14.0, 5655.7327684855945, 5685.179300159487
stepwise,    520, 1, 5.0, 15.020648002624512 ,     16.0, 5415.714342164269 , 5454.9763843961255
stepwise,    521, 1, 4.0, 12.865640878677368 ,     14.0, 5539.074035873748 , 5573.428322826622
stepwise,    522, 1, 5.0, 13.706852912902832 ,     16.0, 5946.486041357324 , 5985.748083589181
stepwise,    523, 2, 4.0, 16.676713943481445 ,     16.0, 5679.9935588152985, 5719.255601047155
stepwise,    524, 2, 2.0,  9.633692979812622 ,     10.0, 5515.11872552344  , 5544.565257197332
stepwise,    525, 1, 4.0, 15.317916870117188 ,     14.0, 5416.711782886676 , 5451.06606983955
stepwise,    526, 1, 4.0, 13.497859954833984 ,     14.0, 5568.2612173076595, 5602.615504260534
stepwise,    527, 1, 4.0, 11.37913703918457  ,     14.0, 5680.323830182746 , 5714.678117135621
stepwise,    528, 1, 4.0, 12.16298794746399  ,     14.0, 5584.384037111569 , 5618.738324064444
stepwise,    529, 2, 0.0, 10.119505882263184 ,     12.0, 5526.841093734202 , 5546.472114850131
stepwise,    530, 1, 4.0, 12.105701208114624 ,     14.0, 5444.109404855184 , 5478.463691808059
stepwise,    531, 1, 4.0, 12.27043604850769  ,     13.0, 5594.883997037526 , 5629.2382839904
stepwise,    532, 1, 5.0, 14.352164030075073 ,     16.0, 5693.5827780679765, 5732.844820299833
stepwise,    533, 1, 5.0, 14.788497924804688 ,     16.0, 5725.133365006421 , 5764.395407238278
stepwise,    534, 1, 7.0, 14.607982873916626 ,     17.0, 5781.39183466606  , 5830.469387455882
stepwise,    535, 1, 2.0,  8.694432020187378 ,     10.0, 5484.09173442647  , 5508.630510821381
stepwise,    536, 1, 4.0, 11.905427932739258 ,     14.0, 5430.710608407915 , 5465.06489536079
stepwise,    537, 1, 4.0, 13.289062976837158 ,     14.0, 5640.728384090735 , 5675.0826710436095
stepwise,    538, 2, 0.0,  9.441035032272339 ,     11.0, 5412.947920301193 , 5432.578941417122
stepwise,    539, 1, 2.0,  7.945293188095093 ,     10.0, 5728.6041187703195, 5753.142895165231
stepwise,    540, 1, 4.0, 12.60555100440979  ,     14.0, 5736.411755860429 , 5770.766042813304
stepwise,    541, 1, 1.0,  9.929141998291016 ,     11.0, 5695.233115421059 , 5714.864136536988
stepwise,    542, 1, 5.0, 15.461491823196411 ,     16.0, 5566.015167672736 , 5605.277209904593
stepwise,    543, 1, 5.0, 13.375434160232544 ,     16.0, 5682.424601796343 , 5721.6866440282
stepwise,    544, 1, 4.0, 12.037508964538574 ,     14.0, 5824.6919789701315, 5859.046265923006
stepwise,    545, 2, 0.0,  9.676249027252197 ,     12.0, 5471.976318900811 , 5491.60734001674
stepwise,    546, 1, 6.0, 16.31721806526184  ,     18.0, 5662.220981215297 , 5706.390778726136
stepwise,    547, 1, 4.0, 14.110235929489136 ,     14.0, 5444.611184249657 , 5478.965471202531
stepwise,    548, 1, 6.0, 15.945904970169067 ,     18.0, 5489.989224058642 , 5534.159021569481
stepwise,    549, 1, 4.0, 14.26663589477539  ,     14.0, 5718.182423224527 , 5752.536710177402
stepwise,    550, 1, 4.0, 14.194738864898682 ,     14.0, 5467.978916247154 , 5502.333203200029
stepwise,    551, 2, 0.0,  9.285247087478638 ,     11.0, 5793.86482018702  , 5813.495841302949
stepwise,    552, 1, 4.0, 12.707766056060791 ,     14.0, 5598.319229408334 , 5632.673516361208
stepwise,    553, 2, 0.0, 10.1335289478302   ,     11.0, 5835.437625834933 , 5855.068646950862
stepwise,    554, 1, 4.0, 12.548634052276611 ,     14.0, 5498.17827933201  , 5532.5325662848845
stepwise,    555, 2, 4.0, 19.367507219314575 ,     18.0, 5412.350873018286 , 5451.612915250143
stepwise,    556, 3, 7.0, 23.21231698989868  ,     21.0, 5578.53148709013  , 5637.424550437916
stepwise,    557, 1, 4.0, 13.275786876678467 ,     14.0, 5549.787876152461 , 5584.142163105335
stepwise,    558, 1, 5.0, 16.289623022079468 ,     17.0, 5765.494867230576 , 5804.756909462433
stepwise,    559, 1, 5.0, 14.688122034072876 ,     15.0, 5508.053652737943 , 5547.3156949698
stepwise,    560, 1, 5.0, 16.14827585220337  ,     17.0, 5508.7875748572715, 5548.049617089128
stepwise,    561, 2, 5.0, 18.817667961120605 ,     18.0, 5649.085195632853 , 5693.254993143692
stepwise,    562, 1, 4.0, 12.345385074615479 ,     14.0, 5518.485474287609 , 5552.839761240483
stepwise,    563, 1, 4.0, 14.228436946868896 ,     14.0, 5307.995616294819 , 5342.349903247694
stepwise,    564, 1, 7.0, 16.359177112579346 ,     18.0, 5527.966286006612 , 5577.043838796433
stepwise,    565, 1, 6.0, 15.568865060806274 ,     18.0, 5598.5034645159085, 5642.673262026748
stepwise,    566, 1, 5.0, 16.323051929473877 ,     17.0, 5560.585898028319 , 5599.847940260176
stepwise,    567, 1, 4.0, 13.36528205871582  ,     14.0, 5547.683372231113 , 5582.037659183988
stepwise,    568, 1, 2.0,  8.556725978851318 ,     10.0, 5466.733784670585 , 5491.272561065496
stepwise,    569, 1, 6.0, 17.018359899520874 ,     18.0, 5533.449645843293 , 5577.619443354132
stepwise,    570, 1, 4.0, 22.73379683494568  ,     14.0, 5512.837757048068 , 5547.192044000943
stepwise,    571, 1, 5.0, 15.089834928512573 ,     16.0, 5750.990034730401 , 5790.252076962258
stepwise,    572, 1, 6.0, 16.9580819606781   ,     18.0, 5584.602087753153 , 5628.771885263992
stepwise,    573, 1, 5.0, 15.901325941085815 ,     17.0, 5581.675337269682 , 5620.937379501539
stepwise,    574, 1, 4.0, 12.491305828094482 ,     14.0, 5814.820592460841 , 5849.174879413716
stepwise,    575, 2, 4.0, 17.577774047851562 ,     18.0, 5499.1990586804   , 5538.461100912257
stepwise,    576, 1, 5.0, 14.011924982070923 ,     16.0, 5694.9840325152445, 5734.246074747101
stepwise,    577, 2, 0.0,  9.506038188934326 ,     11.0, 5861.114760916008 , 5880.745782031937
stepwise,    578, 1, 4.0, 14.77968692779541  ,     14.0, 5637.644612154251 , 5671.998899107126
stepwise,    579, 1, 6.0, 17.74851107597351  ,     18.0, 5564.162003609169 , 5608.331801120008
stepwise,    580, 1, 4.0, 13.522512197494507 ,     14.0, 5588.570579761781 , 5622.924866714656
stepwise,    581, 1, 4.0, 12.822299003601074 ,     13.0, 5493.314196321583 , 5527.668483274458
stepwise,    582, 1, 4.0, 13.562048196792603 ,     14.0, 5722.456778541113 , 5756.811065493987
stepwise,    583, 1, 5.0, 17.888075828552246 ,     17.0, 5486.722073156217 , 5525.984115388074
stepwise,    584, 2, 3.0, 11.8960599899292   ,     11.0, 5868.307289358287 , 5902.661576311161
stepwise,    585, 1, 5.0, 15.285192012786865 ,     16.0, 5628.728793694427 , 5667.990835926284
stepwise,    586, 1, 4.0, 12.295017004013062 ,     14.0, 5725.814246507029 , 5760.168533459903
stepwise,    587, 1, 4.0, 16.918778896331787 ,     14.0, 5400.596052068509 , 5434.950339021384
stepwise,    588, 1, 4.0, 12.439105987548828 ,     14.0, 5662.55218006614  , 5696.906467019015
stepwise,    589, 1, 5.0, 15.575752019882202 ,     16.0, 5483.444003516301 , 5522.7060457481575
stepwise,    590, 1, 4.0, 14.471137046813965 ,     14.0, 5686.777497018706 , 5721.13178397158
stepwise,    591, 2, 4.0, 18.744088888168335 ,     19.0, 5774.018737318487 , 5813.280779550344
stepwise,    592, 1, 4.0, 12.416059017181396 ,     14.0, 5602.240004780663 , 5636.594291733538
stepwise,    593, 1, 5.0, 17.2493679523468   ,     17.0, 5626.736778805743 , 5665.9988210376
stepwise,    594, 1, 4.0, 12.893926858901978 ,     14.0, 5515.277799757    , 5549.632086709875
stepwise,    595, 1, 5.0, 16.958309173583984 ,     16.0, 5647.559632129209 , 5686.821674361066
stepwise,    596, 1, 4.0, 13.814181089401245 ,     14.0, 5447.811161501309 , 5482.165448454183
stepwise,    597, 1, 6.0, 19.026843786239624 ,     18.0, 5585.476352477914 , 5629.646149988753
stepwise,    598, 1, 4.0, 16.3720920085907   ,     14.0, 5418.617072448205 , 5452.97135940108
stepwise,    599, 1, 5.0, 20.061208963394165 ,     17.0, 5659.5819455304445, 5698.843987762301
stepwise,    600, 1, 4.0, 13.188101053237915 ,     14.0, 5670.113922628747 , 5704.4682095816215
stepwise,    601, 1, 5.0, 16.495954036712646 ,     16.0, 5488.557378155475 , 5527.819420387332
stepwise,    602, 1, 5.0, 15.686664819717407 ,     16.0, 5584.392101601953 , 5623.65414383381
stepwise,    603, 1, 4.0, 13.294151067733765 ,     14.0, 5649.547059381992 , 5683.9013463348665
stepwise,    604, 1, 5.0, 15.496074914932251 ,     16.0, 5407.638184671311 , 5446.900226903168
stepwise,    605, 1, 5.0, 13.96430492401123  ,     16.0, 5669.403480487203 , 5708.6655227190595
stepwise,    606, 1, 4.0, 12.804218053817749 ,     14.0, 5831.109412597362 , 5865.463699550237
stepwise,    607, 1, 6.0, 19.15203285217285  ,     18.0, 5552.622028512876 , 5596.791826023715
stepwise,    608, 3, 4.0, 32.06625580787659  ,     20.0, 5414.015921672398 , 5458.185719183237
stepwise,    609, 2, 4.0, 19.496543169021606 ,     18.0, 5617.778847875656 , 5657.0408901075125
stepwise,    610, 1, 5.0, 15.341392993927002 ,     16.0, 5507.696833365405 , 5546.958875597262
stepwise,    611, 1, 5.0, 18.949846029281616 ,     16.0, 5686.209095395705 , 5725.471137627562
stepwise,    612, 1, 1.0,  7.6459410190582275,      9.0, 5568.209425299444 , 5587.840446415373
stepwise,    613, 1, 4.0, 13.691277027130127 ,     14.0, 5582.7331656067045, 5617.087452559579
stepwise,    614, 1, 5.0, 20.837718963623047 ,     23.0, 5637.867437230697 , 5677.129479462554
stepwise,    615, 1, 4.0, 12.2811598777771   ,     13.0, 5443.797616044855 , 5478.15190299773
stepwise,    616, 1, 2.0,  8.732025146484375 ,     10.0, 5658.11785449767  , 5682.656630892581
stepwise,    617, 1, 4.0, 12.450613975524902 ,     14.0, 5688.204356582521 , 5722.558643535395
stepwise,    618, 2, 0.0, 10.330137014389038 ,     11.0, 5734.151173608967 , 5753.782194724896
stepwise,    619, 2, 6.0, 23.93745183944702  ,     21.0, 5623.826265049636 , 5672.903817839458
stepwise,    620, 1, 5.0, 15.420076847076416 ,     16.0, 5547.512022150042 , 5586.774064381899
stepwise,    621, 3, 4.0, 23.819080114364624 ,     21.0, 5657.793855576071 , 5701.96365308691
stepwise,    622, 1, 4.0, 12.104798078536987 ,     14.0, 5588.484935813967 , 5622.839222766842
stepwise,    623, 2, 6.0, 24.71480393409729  ,     20.0, 5505.71853736196  , 5554.796090151782
stepwise,    624, 1, 4.0, 12.056852102279663 ,     14.0, 5467.2706571219405, 5501.624944074815
stepwise,    625, 1, 4.0, 14.004635095596313 ,     14.0, 5350.190822088258 , 5384.5451090411325
stepwise,    626, 1, 5.0, 15.927979946136475 ,     16.0, 5538.159648072655 , 5577.421690304512
stepwise,    627, 1, 6.0, 18.532225847244263 ,     19.0, 5489.3071591561575, 5533.476956666997
stepwise,    628, 1, 4.0, 13.184937000274658 ,     14.0, 5492.655349138948 , 5527.009636091822
stepwise,    629, 1, 2.0,  8.510823011398315 ,     10.0, 5602.8184790336845, 5627.357255428596
stepwise,    630, 1, 5.0, 14.750522136688232 ,     16.0, 5467.842046140564 , 5507.104088372421
stepwise,    631, 1, 5.0, 15.990644931793213 ,     17.0, 5701.147786788851 , 5740.409829020708
stepwise,    632, 1, 4.0, 13.2203049659729   ,     14.0, 5561.086675645753 , 5595.440962598627
stepwise,    633, 1, 4.0, 12.816020011901855 ,     14.0, 5510.511194328556 , 5544.86548128143
stepwise,    634, 1, 4.0, 16.848495960235596 ,     16.0, 5342.445636081068 , 5376.799923033943
stepwise,    635, 1, 5.0, 14.633162021636963 ,     16.0, 5557.222005337309 , 5596.484047569166
stepwise,    636, 1, 5.0, 14.15884017944336  ,     16.0, 5491.32931689515  , 5530.591359127007
stepwise,    637, 2, 4.0, 15.036779880523682 ,     13.0, 6002.905774236724 , 6042.167816468581
stepwise,    638, 1, 4.0, 12.11276388168335  ,     14.0, 5587.747724616147 , 5622.102011569022
stepwise,    639, 1, 4.0, 12.894423007965088 ,     13.0, 5368.9851684832165, 5403.339455436091
stepwise,    640, 1, 5.0, 17.015980005264282 ,     17.0, 5545.691701638149 , 5584.953743870006
stepwise,    641, 1, 4.0, 12.51378583908081  ,     14.0, 5301.114727152247 , 5335.4690141051215
stepwise,    642, 1, 4.0, 11.421879053115845 ,     14.0, 5563.390461771275 , 5597.74474872415
stepwise,    643, 1, 5.0, 13.849202871322632 ,     17.0, 5586.988277905045 , 5626.250320136902
stepwise,    644, 1, 5.0, 16.191776037216187 ,     17.0, 5638.498663761796 , 5677.760705993653
stepwise,    645, 1, 5.0, 16.21966290473938  ,     17.0, 5489.958427768855 , 5529.220470000711
stepwise,    646, 1, 7.0, 17.64350700378418  ,     18.0, 5523.654614939296 , 5572.7321677291175
stepwise,    647, 1, 5.0, 14.282948017120361 ,     16.0, 5728.6643644790365, 5767.926406710893
stepwise,    648, 1, 4.0, 13.344030857086182 ,     14.0, 5387.703707696373 , 5422.057994649248
stepwise,    649, 1, 4.0, 14.126388788223267 ,     14.0, 5655.578634464193 , 5689.9329214170675
stepwise,    650, 2, 4.0, 19.448482036590576 ,     19.0, 5469.864074603171 , 5509.1261168350275
stepwise,    651, 1, 5.0, 18.583938121795654 ,     16.0, 5641.740628235194 , 5681.002670467051
stepwise,    652, 2, 5.0, 21.097377061843872 ,     18.0, 5642.957258558574 , 5687.127056069413
stepwise,    653, 1, 6.0, 18.800511121749878 ,     18.0, 5572.824744686779 , 5616.994542197618
stepwise,    654, 1, 4.0, 15.48306918144226  ,     14.0, 5700.1614429587235, 5734.515729911598
stepwise,    655, 1, 4.0, 13.77167010307312  ,     14.0, 5429.829503752472 , 5464.183790705347
stepwise,    656, 1, 4.0, 13.471966028213501 ,     14.0, 5663.92860364058  , 5698.282890593455
stepwise,    657, 1, 5.0, 17.34747815132141  ,     15.0, 5564.312513228019 , 5603.574555459876
stepwise,    658, 1, 5.0, 15.215880870819092 ,     17.0, 5728.250927168071 , 5767.512969399928
stepwise,    659, 1, 5.0, 15.188759088516235 ,     16.0, 5535.158739568502 , 5574.420781800359
stepwise,    660, 2, 0.0, 10.051139116287231 ,     12.0, 5620.360432390628 , 5639.991453506557
stepwise,    661, 1, 6.0, 19.695770978927612 ,     20.0, 5469.467956098168 , 5513.637753609007
stepwise,    662, 1, 5.0, 16.12420392036438  ,     17.0, 5577.358011859611 , 5616.620054091468
stepwise,    663, 1, 5.0, 15.695513010025024 ,     16.0, 5688.072103527826 , 5727.3341457596825
stepwise,    664, 1, 5.0, 14.337995052337646 ,     16.0, 5597.098441010895 , 5636.360483242752
stepwise,    665, 1, 5.0, 15.091236114501953 ,     17.0, 5632.461472584637 , 5671.723514816494
stepwise,    666, 1, 4.0, 13.429250001907349 ,     14.0, 5588.530189609642 , 5622.884476562516
stepwise,    667, 1, 4.0, 13.07762098312378  ,     14.0, 5693.661038430066 , 5728.01532538294
stepwise,    668, 2, 0.0, 10.12417197227478  ,     11.0, 5918.4411521609145, 5938.072173276843
stepwise,    669, 1, 5.0, 14.170500993728638 ,     16.0, 5857.500683874614 , 5896.762726106471
stepwise,    670, 1, 5.0, 14.967820167541504 ,     16.0, 5475.359785266502 , 5514.6218274983585
stepwise,    671, 2, 4.0, 18.011055946350098 ,     18.0, 5548.046591884465 , 5587.308634116322
stepwise,    672, 1, 4.0, 11.618693113327026 ,     14.0, 5689.786661713205 , 5724.14094866608
stepwise,    673, 1, 4.0, 13.2467200756073   ,     14.0, 5597.22116413639  , 5631.575451089265
stepwise,    674, 1, 4.0, 13.328341007232666 ,     14.0, 5632.236505710055 , 5666.59079266293
stepwise,    675, 1, 4.0, 11.752608060836792 ,     14.0, 5805.635469572137 , 5839.989756525011
stepwise,    676, 2, 3.0, 13.246159791946411 ,     11.0, 5498.452162660578 , 5532.806449613453
stepwise,    677, 1, 5.0, 14.554907083511353 ,     16.0, 5561.681069928739 , 5600.943112160596
stepwise,    678, 1, 4.0, 14.207355976104736 ,     15.0, 5379.29417224523  , 5413.648459198104
stepwise,    679, 1, 5.0, 16.55423593521118  ,     16.0, 5399.97605811815  , 5439.238100350007
stepwise,    680, 1, 4.0, 14.892636775970459 ,     14.0, 5620.684241339549 , 5655.0385282924235
stepwise,    681, 1, 5.0, 16.200658798217773 ,     16.0, 5576.887841837989 , 5616.149884069846
stepwise,    682, 1, 1.0,  7.62819504737854  ,      8.0, 5656.4683005658735, 5676.099321681802
stepwise,    683, 1, 6.0, 18.45935297012329  ,     18.0, 5547.741657355168 , 5591.911454866007
stepwise,    684, 1, 5.0, 17.22702693939209  ,     17.0, 5484.132071326864 , 5523.394113558721
stepwise,    685, 1, 4.0, 12.352404117584229 ,     14.0, 5569.251197425314 , 5603.6054843781885
stepwise,    686, 2, 2.0,  9.9305579662323   ,     10.0, 5677.930510371321 , 5707.377042045214
stepwise,    687, 1, 5.0, 15.557934999465942 ,     16.0, 5570.248840741653 , 5609.51088297351
stepwise,    688, 1, 4.0, 13.445042133331299 ,     14.0, 5695.185961390903 , 5729.540248343777
stepwise,    689, 1, 4.0, 18.556856155395508 ,     14.0, 5711.890014396186 , 5746.244301349061
stepwise,    690, 1, 4.0, 12.70023798942566  ,     14.0, 5741.926628868394 , 5776.2809158212685
stepwise,    691, 1, 4.0, 14.03635287284851  ,     14.0, 5494.10874167213  , 5528.463028625005
stepwise,    692, 1, 4.0, 13.005125999450684 ,     14.0, 5588.446339152682 , 5622.800626105557
stepwise,    693, 1, 4.0, 12.295804977416992 ,     14.0, 5535.9906292514415, 5570.344916204316
stepwise,    694, 1, 7.0, 15.883939027786255 ,     17.0, 5774.9802084008825, 5824.057761190704
stepwise,    695, 2, 5.0, 20.305776834487915 ,     18.0, 5562.336990756273 , 5606.506788267112
stepwise,    696, 1, 4.0, 14.276682138442993 ,     14.0, 5539.604816466123 , 5573.959103418998
stepwise,    697, 1, 4.0, 13.769299030303955 ,     14.0, 5638.441069340555 , 5672.79535629343
stepwise,    698, 2, 5.0, 18.305742979049683 ,     17.0, 5513.4242551398565, 5557.594052650696
stepwise,    699, 1, 5.0, 14.867707967758179 ,     16.0, 5798.182679087656 , 5837.444721319513
stepwise,    700, 1, 5.0, 13.157325983047485 ,     16.0, 5634.401227172839 , 5673.663269404696
stepwise,    701, 1, 4.0, 12.978075981140137 ,     14.0, 5704.640425412275 , 5738.99471236515
stepwise,    702, 1, 5.0, 13.77021598815918  ,     16.0, 5632.803237890944 , 5672.065280122801
stepwise,    703, 2, 5.0, 17.99456000328064  ,     18.0, 5724.2752025309055, 5768.445000041745
stepwise,    704, 1, 5.0, 12.90729308128357  ,     16.0, 5530.369176147667 , 5569.6312183795235
stepwise,    705, 2, 5.0, 18.24661612510681  ,     18.0, 5487.390919378227 , 5531.5607168890665
stepwise,    706, 1, 5.0, 14.894811153411865 ,     16.0, 5496.869195564513 , 5536.1312377963695
stepwise,    707, 1, 4.0, 12.511615991592407 ,     14.0, 5637.606435031587 , 5671.960721984462
stepwise,    708, 1, 5.0, 13.5803861618042   ,     16.0, 5650.502576552549 , 5689.764618784406
stepwise,    709, 1, 2.0,  8.245918035507202 ,     10.0, 5624.747734551972 , 5649.286510946883
stepwise,    710, 1, 4.0, 12.567231178283691 ,     14.0, 5694.307375836333 , 5728.661662789208
stepwise,    711, 1, 4.0, 12.656148910522461 ,     13.0, 5452.692806742617 , 5487.047093695492
stepwise,    712, 1, 1.0,  9.054526805877686 ,     11.0, 5666.274511579272 , 5685.905532695201
stepwise,    713, 1, 6.0, 18.401636123657227 ,     19.0, 5548.821844689737 , 5592.991642200576
stepwise,    714, 1, 5.0, 17.81278896331787  ,     16.0, 5548.362461445009 , 5587.624503676866
stepwise,    715, 2, 5.0, 18.33877396583557  ,     18.0, 5597.168625724188 , 5641.338423235027
stepwise,    716, 1, 5.0, 14.401637077331543 ,     16.0, 5764.871219061399 , 5804.133261293256
stepwise,    717, 2, 4.0, 17.544785976409912 ,     18.0, 5584.319816997365 , 5623.581859229222
stepwise,    718, 2, 4.0, 19.28122591972351  ,     18.0, 5420.873058906706 , 5460.135101138563
stepwise,    719, 1, 4.0, 12.147730827331543 ,     14.0, 5800.616716823696 , 5834.971003776571
stepwise,    720, 1, 5.0, 16.226157903671265 ,     17.0, 5438.595577065062 , 5477.8576192969185
stepwise,    721, 1, 5.0, 13.907624959945679 ,     16.0, 5433.3212440986845, 5472.583286330541
stepwise,    722, 2, 0.0,  9.694105863571167 ,     11.0, 5744.662148532396 , 5764.293169648325
stepwise,    723, 1, 5.0, 16.827759981155396 ,     15.0, 5400.093295841343 , 5439.3553380732
stepwise,    724, 1, 5.0, 16.122159004211426 ,     17.0, 5608.777723861809 , 5648.039766093666
stepwise,    725, 1, 5.0, 14.834296941757202 ,     16.0, 5546.099864722845 , 5585.361906954702
stepwise,    726, 1, 5.0, 15.925192832946777 ,     16.0, 5508.602614177877 , 5547.8646564097335
stepwise,    727, 2, 4.0, 19.985642910003662 ,     19.0, 5479.378487390726 , 5518.640529622583
stepwise,    728, 1, 5.0, 14.162153959274292 ,     16.0, 5513.801049263021 , 5553.063091494878
stepwise,    729, 1, 4.0, 11.28989291191101  ,     14.0, 5616.983793490671 , 5651.338080443546
stepwise,    730, 1, 4.0, 11.785883903503418 ,     14.0, 5621.565399452681 , 5655.919686405556
stepwise,    731, 2, 6.0, 21.952773809432983 ,     21.0, 5503.094652938444 , 5552.172205728265
stepwise,    732, 1, 4.0, 12.994891881942749 ,     14.0, 5620.977732319818 , 5655.332019272692
stepwise,    733, 1, 5.0, 15.35423493385315  ,     16.0, 5527.829690602154 , 5567.091732834011
stepwise,    734, 1, 5.0, 16.285917043685913 ,     17.0, 5611.733863672225 , 5650.995905904082
stepwise,    735, 1, 6.0, 16.564658880233765 ,     18.0, 5431.979954323898 , 5476.149751834737
stepwise,    736, 1, 4.0, 12.627044916152954 ,     14.0, 5375.912860592463 , 5410.267147545338
stepwise,    737, 1, 4.0, 13.212592124938965 ,     14.0, 5543.05236807897  , 5577.406655031845
stepwise,    738, 2, 6.0, 29.589958906173706 ,     23.0, 5682.0107524774285, 5731.08830526725
stepwise,    739, 1, 5.0, 16.731948137283325 ,     17.0, 5533.527756319006 , 5572.7897985508625
stepwise,    740, 1, 4.0, 12.676440000534058 ,     14.0, 5580.072895769717 , 5614.427182722592
stepwise,    741, 3, 4.0, 22.641422033309937 ,     19.0, 5742.2308779039395, 5786.400675414779
stepwise,    742, 1, 4.0, 12.935837984085083 ,     14.0, 5770.502199560974 , 5804.856486513849
stepwise,    743, 1, 5.0, 13.954769134521484 ,     16.0, 5657.351905216019 , 5696.613947447876
stepwise,    744, 1, 7.0, 16.42021894454956  ,     19.0, 5670.619451589439 , 5719.697004379261
stepwise,    745, 1, 7.0, 19.50421714782715  ,     19.0, 5647.084671946874 , 5696.162224736695
stepwise,    746, 1, 1.0,  6.361191987991333 ,      8.0, 5802.246134252304 , 5821.877155368233
stepwise,    747, 1, 5.0, 13.756323099136353 ,     16.0, 5615.629969604743 , 5654.8920118365995
stepwise,    748, 2, 3.0, 12.649598121643066 ,     11.0, 5655.674653049726 , 5690.0289400026
stepwise,    749, 1, 4.0, 13.592527151107788 ,     14.0, 5696.383027105702 , 5730.737314058577
stepwise,    750, 1, 4.0, 13.05059289932251  ,     14.0, 5613.037123599745 , 5647.39141055262
stepwise,    751, 1, 4.0, 13.242682933807373 ,     14.0, 5570.033915133301 , 5604.388202086176
stepwise,    752, 1, 4.0, 11.933574914932251 ,     14.0, 5867.668727269619 , 5902.023014222494
stepwise,    753, 1, 4.0, 12.078573942184448 ,     14.0, 5624.210402888984 , 5658.564689841859
stepwise,    754, 1, 5.0, 13.811655044555664 ,     16.0, 5567.842623525924 , 5607.104665757781
stepwise,    755, 1, 4.0, 11.112637042999268 ,     14.0, 5548.788763557144 , 5583.143050510019
stepwise,    756, 1, 5.0, 14.439183950424194 ,     16.0, 5617.441388389434 , 5656.703430621291
stepwise,    757, 1, 4.0, 13.706475973129272 ,     14.0, 5338.29220967826  , 5372.646496631135
stepwise,    758, 1, 4.0, 12.660938024520874 ,     14.0, 5419.0821370012045, 5453.436423954079
stepwise,    759, 1, 4.0, 13.330440998077393 ,     15.0, 5627.339111797711 , 5661.693398750585
stepwise,    760, 2, 1.0,  9.86226201057434  ,     12.0, 5326.471867847292 , 5351.010644242203
stepwise,    761, 1, 5.0, 13.96938705444336  ,     16.0, 5840.433728914797 , 5879.695771146654
stepwise,    762, 1, 5.0, 14.743980169296265 ,     16.0, 5460.961806573587 , 5500.223848805444
stepwise,    763, 1, 5.0, 16.30099081993103  ,     16.0, 5679.936879359246 , 5719.198921591103
stepwise,    764, 1, 4.0, 12.822717189788818 ,     14.0, 5262.8094330944805, 5297.163720047355
stepwise,    765, 1, 6.0, 19.208538055419922 ,     20.0, 5650.664120066119 , 5694.833917576958
stepwise,    766, 1, 4.0, 13.103968143463135 ,     14.0, 5570.825056773241 , 5605.179343726116
stepwise,    767, 1, 4.0, 14.927663087844849 ,     14.0, 5487.037064260134 , 5521.391351213008
stepwise,    768, 1, 5.0, 15.887181043624878 ,     16.0, 5694.933043011102 , 5734.195085242959
stepwise,    769, 1, 4.0, 12.49281096458435  ,     14.0, 5528.716197101632 , 5563.070484054507
stepwise,    770, 1, 5.0, 13.904365062713623 ,     16.0, 5750.274385860482 , 5789.536428092339
stepwise,    771, 1, 4.0, 12.403940916061401 ,     14.0, 5737.133022276807 , 5771.487309229682
stepwise,    772, 2, 0.0,  9.263996124267578 ,     11.0, 5701.259559972568 , 5720.890581088497
stepwise,    773, 2, 2.0, 10.021820068359375 ,     10.0, 5588.315985805075 , 5617.762517478967
stepwise,    774, 1, 5.0, 15.470601081848145 ,     16.0, 5386.528400688205 , 5425.790442920062
stepwise,    775, 1, 2.0,  8.420164823532104 ,     10.0, 5644.92204146849  , 5669.460817863401
stepwise,    776, 1, 5.0, 13.800060987472534 ,     16.0, 5575.117452035171 , 5614.379494267027
stepwise,    777, 2, 5.0, 19.701262950897217 ,     18.0, 5485.772571173163 , 5529.942368684002
stepwise,    778, 1, 5.0, 14.491289854049683 ,     16.0, 5457.351673459287 , 5496.613715691144
stepwise,    779, 1, 6.0, 16.517333984375    ,     18.0, 5542.390234685392 , 5586.560032196231
stepwise,    780, 1, 4.0, 12.96834111213684  ,     14.0, 5518.662432804765 , 5553.016719757639
stepwise,    781, 1, 5.0, 15.011364936828613 ,     16.0, 5763.943148794598 , 5803.2051910264545
stepwise,    782, 1, 4.0, 12.482534885406494 ,     14.0, 5788.25945246153  , 5822.613739414404
stepwise,    783, 1, 1.0,  7.94567608833313  ,      9.0, 5600.7319957553   , 5620.363016871229
stepwise,    784, 1, 4.0, 12.509772062301636 ,     14.0, 5454.718074088748 , 5489.072361041623
stepwise,    785, 2, 5.0, 18.65506100654602  ,     18.0, 5342.519182968145 , 5386.688980478984
stepwise,    786, 1, 2.0,  8.421124935150146 ,     10.0, 5755.925536982052 , 5780.464313376963
stepwise,    787, 3, 2.0, 14.259759187698364 ,     14.0, 5599.285149897792 , 5633.639436850666
stepwise,    788, 1, 5.0, 13.853875160217285 ,     16.0, 5593.156076321622 , 5632.418118553479
stepwise,    789, 1, 4.0, 11.658509016036987 ,     14.0, 5606.797358546904 , 5641.151645499779
stepwise,    790, 1, 5.0, 14.84224796295166  ,     16.0, 5480.951415436484 , 5520.213457668341
stepwise,    791, 1, 5.0, 14.869694948196411 ,     16.0, 5532.872118029388 , 5572.134160261245
stepwise,    792, 1, 5.0, 16.71451687812805  ,     17.0, 5386.528361880496 , 5425.790404112353
stepwise,    793, 2, 2.0, 10.382423877716064 ,     10.0, 5659.077107111796 , 5688.5236387856885
stepwise,    794, 1, 6.0, 16.704601049423218 ,     18.0, 5698.337273041464 , 5742.507070552303
stepwise,    795, 1, 4.0, 12.349451065063477 ,     14.0, 5666.7355501237   , 5701.089837076574
stepwise,    796, 1, 4.0, 12.786805868148804 ,     14.0, 5519.731108715468 , 5554.085395668342
stepwise,    797, 1, 4.0, 12.247501850128174 ,     14.0, 5569.733109556126 , 5604.087396509
stepwise,    798, 1, 5.0, 13.76978087425232  ,     16.0, 5617.142562430979 , 5656.4046046628355
stepwise,    799, 1, 4.0, 12.490859031677246 ,     14.0, 5427.956949755709 , 5462.311236708583
stepwise,    800, 1, 5.0, 15.70716381072998  ,     16.0, 5487.142783154301 , 5526.404825386157
stepwise,    801, 2, 0.0,  9.77157998085022  ,     11.0, 5615.738220566714 , 5635.3692416826425
stepwise,    802, 1, 4.0, 14.703826904296875 ,     14.0, 5360.878560070026 , 5395.2328470229
stepwise,    803, 1, 5.0, 16.002324104309082 ,     15.0, 5511.611177605426 , 5550.873219837283
stepwise,    804, 2, 6.0, 22.03849697113037  ,     20.0, 5638.603615763477 , 5687.681168553298
stepwise,    805, 1, 4.0, 12.287174940109253 ,     14.0, 5426.184024962112 , 5460.5383119149865
stepwise,    806, 1, 5.0, 13.786035060882568 ,     16.0, 5441.274152691953 , 5480.5361949238095
stepwise,    807, 2, 5.0, 19.098169803619385 ,     20.0, 5607.406008083228 , 5651.575805594067
stepwise,    808, 3, 4.0, 26.484399795532227 ,     21.0, 5565.816638074702 , 5609.986435585541
stepwise,    809, 2, 5.0, 18.53979992866516  ,     18.0, 5699.938403889234 , 5744.108201400073
stepwise,    810, 1, 4.0, 12.296288013458252 ,     14.0, 5618.96804664921  , 5653.322333602085
stepwise,    811, 2, 0.0, 10.486218929290771 ,     11.0, 5689.012182447964 , 5708.643203563893
stepwise,    812, 1, 4.0, 12.315510988235474 ,     13.0, 5319.360915223711 , 5353.715202176586
stepwise,    813, 1, 4.0, 12.737371921539307 ,     14.0, 5443.2797451633805, 5477.634032116255
stepwise,    814, 1, 4.0, 11.289116144180298 ,     14.0, 5416.147358016199 , 5450.501644969074
stepwise,    815, 1, 4.0, 11.896957159042358 ,     13.0, 5691.242378058346 , 5725.5966650112205
stepwise,    816, 1, 2.0,  8.229171991348267 ,     10.0, 5545.240068335552 , 5569.778844730463
stepwise,    817, 1, 4.0, 12.628587007522583 ,     14.0, 5599.786658659542 , 5634.1409456124165
stepwise,    818, 1, 5.0, 17.3541259765625   ,     18.0, 5571.668341008129 , 5610.9303832399855
stepwise,    819, 1, 4.0, 12.507481098175049 ,     14.0, 5587.65329375226  , 5622.007580705134
stepwise,    820, 2, 6.0, 23.086127042770386 ,     21.0, 5632.29898793861  , 5681.376540728431
stepwise,    821, 1, 5.0, 13.851079940795898 ,     16.0, 5546.951461079164 , 5586.213503311021
stepwise,    822, 1, 3.0, 13.44136905670166  ,     13.0, 5335.5827220402925, 5365.029253714185
stepwise,    823, 1, 4.0, 12.635260820388794 ,     13.0, 5728.839655387572 , 5763.1939423404465
stepwise,    824, 1, 5.0, 14.273107051849365 ,     16.0, 5502.655856333009 , 5541.917898564866
stepwise,    825, 1, 4.0, 12.370775938034058 ,     14.0, 5704.557127279672 , 5738.911414232547
stepwise,    826, 1, 5.0, 16.35383915901184  ,     17.0, 5678.533467355591 , 5717.795509587448
stepwise,    827, 1, 4.0, 13.296435832977295 ,     14.0, 5457.633566566829 , 5491.987853519704
stepwise,    828, 1, 5.0, 16.281597137451172 ,     17.0, 5541.572895147613 , 5580.83493737947
stepwise,    829, 1, 4.0, 11.791018009185791 ,     14.0, 5772.754781545772 , 5807.109068498647
stepwise,    830, 1, 4.0, 17.97367000579834  ,     18.0, 5711.405477195513 , 5745.759764148388
stepwise,    831, 1, 4.0, 13.974979162216187 ,     14.0, 5531.627144985617 , 5565.981431938491
stepwise,    832, 2, 0.0, 10.511518001556396 ,     12.0, 5382.118070479465 , 5401.749091595394
stepwise,    833, 1, 5.0, 14.677930116653442 ,     16.0, 5807.7474870502365, 5847.009529282093
stepwise,    834, 2, 4.0, 19.64843201637268  ,     18.0, 5423.951672095176 , 5463.213714327033
stepwise,    835, 2, 6.0, 21.063621997833252 ,     20.0, 5637.269611695473 , 5686.347164485294
stepwise,    836, 1, 4.0, 11.991131067276001 ,     14.0, 5644.470616226303 , 5678.824903179177
stepwise,    837, 1, 4.0, 12.386363983154297 ,     14.0, 5648.217355589648 , 5682.571642542523
stepwise,    838, 1, 5.0, 14.20768690109253  ,     16.0, 5431.646598699973 , 5470.90864093183
stepwise,    839, 1, 5.0, 14.111279010772705 ,     16.0, 5463.28401666893  , 5502.546058900787
stepwise,    840, 4, 2.0, 22.44881796836853  ,     18.0, 5651.076568086385 , 5690.338610318242
stepwise,    841, 1, 6.0, 15.872291088104248 ,     18.0, 5702.718013408679 , 5746.887810919518
stepwise,    842, 3, 4.0, 19.737089157104492 ,     15.0, 5400.886944951406 , 5445.056742462245
stepwise,    843, 1, 4.0, 13.441770076751709 ,     14.0, 5498.112713653013 , 5532.467000605888
stepwise,    844, 1, 5.0, 16.36432194709778  ,     16.0, 5445.3537886866225, 5484.615830918479
stepwise,    845, 2, 5.0, 23.949455976486206 ,     20.0, 5824.322913880876 , 5868.492711391715
stepwise,    846, 1, 4.0, 14.93185806274414  ,     16.0, 5485.566367756184 , 5519.920654709059
stepwise,    847, 1, 6.0, 17.77419400215149  ,     18.0, 5510.63158647336  , 5554.801383984199
stepwise,    848, 2, 0.0, 10.570772886276245 ,     11.0, 5793.588621899964 , 5813.219643015893
stepwise,    849, 2, 6.0, 23.072688102722168 ,     19.0, 5648.875635860098 , 5697.953188649919
stepwise,    850, 2, 6.0, 21.823184967041016 ,     20.0, 5467.290760394046 , 5516.368313183867
stepwise,    851, 1, 5.0, 15.950447082519531 ,     16.0, 5470.660434846166 , 5509.922477078023
stepwise,    852, 1, 4.0, 12.829479932785034 ,     14.0, 5734.1249624202   , 5768.479249373075
stepwise,    853, 1, 5.0, 15.342647075653076 ,     16.0, 5560.189453151944 , 5599.451495383801
stepwise,    854, 3, 4.0, 30.275540828704834 ,     25.0, 5589.144460228553 , 5633.314257739392
stepwise,    855, 1, 4.0, 13.616316080093384 ,     14.0, 5628.254178695216 , 5662.608465648091
stepwise,    856, 2, 0.0, 10.707762002944946 ,     12.0, 5723.035042505831 , 5742.66606362176
stepwise,    857, 1, 5.0, 15.168756008148193 ,     15.0, 5310.538776037784 , 5349.800818269641
stepwise,    858, 2, 6.0, 23.76363205909729  ,     21.0, 5325.783330278062 , 5374.860883067883
stepwise,    859, 2, 4.0, 18.941664934158325 ,     18.0, 5615.804768251756 , 5655.066810483613
stepwise,    860, 1, 5.0, 14.167546033859253 ,     16.0, 5552.755011847111 , 5592.017054078968
stepwise,    861, 1, 5.0, 16.02639603614807  ,     17.0, 5387.795936623897 , 5427.057978855754
stepwise,    862, 2, 7.0, 16.76893401145935  ,     19.0, 5487.471350427083 , 5541.456658495887
stepwise,    863, 1, 4.0, 12.379106044769287 ,     14.0, 5733.838146767745 , 5768.192433720619
stepwise,    864, 1, 6.0, 17.902130842208862 ,     18.0, 5480.982930395897 , 5525.152727906736
stepwise,    865, 1, 4.0, 13.639774084091187 ,     14.0, 5477.478503091396 , 5511.832790044271
stepwise,    866, 1, 4.0, 13.525296211242676 ,     14.0, 5681.216474509239 , 5715.570761462113
stepwise,    867, 1, 5.0, 15.318735837936401 ,     16.0, 5654.510008944444 , 5693.772051176301
stepwise,    868, 1, 5.0, 18.553410053253174 ,     17.0, 5410.5324412346135, 5449.79448346647
stepwise,    869, 1, 5.0, 15.231995105743408 ,     16.0, 5679.732450017217 , 5718.994492249074
stepwise,    870, 1, 1.0,  9.635071039199829 ,      9.0, 5603.416743319103 , 5623.047764435032
stepwise,    871, 2, 5.0, 22.05419898033142  ,     19.0, 5654.655490478328 , 5698.825287989167
stepwise,    872, 1, 4.0, 16.282212018966675 ,     14.0, 5699.604324294368 , 5733.9586112472425
stepwise,    873, 1, 6.0, 18.07587695121765  ,     18.0, 5534.358854042517 , 5578.528651553356
stepwise,    874, 2, 4.0, 18.657896041870117 ,     16.0, 5908.119622108917 , 5947.381664340774
stepwise,    875, 2, 0.0, 10.841448068618774 ,     11.0, 5647.74919648463  , 5667.380217600559
stepwise,    876, 1, 2.0,  8.91769289970398  ,     10.0, 5659.721044532348 , 5684.259820927259
stepwise,    877, 3, 4.0, 20.027945041656494 ,     16.0, 5512.31526130711  , 5556.485058817949
stepwise,    878, 1, 5.0, 18.229809999465942 ,     17.0, 5730.973931070229 , 5770.235973302086
stepwise,    879, 2, 5.0, 20.308693170547485 ,     18.0, 5829.289310731611 , 5873.45910824245
stepwise,    880, 1, 4.0, 12.657279968261719 ,     14.0, 5714.596317122002 , 5748.9506040748765
stepwise,    881, 1, 5.0, 14.996803998947144 ,     16.0, 5386.841395096738 , 5426.103437328595
stepwise,    882, 5, 4.0, 33.77571988105774  ,     23.0, 5760.578131878367 , 5814.56343994717
stepwise,    883, 1, 5.0, 15.299944162368774 ,     16.0, 5498.093401281887 , 5537.355443513744
stepwise,    884, 1, 4.0, 13.002054929733276 ,     14.0, 5650.285433532685 , 5684.639720485559
stepwise,    885, 1, 4.0, 13.520518064498901 ,     14.0, 5635.6886598606425, 5670.042946813517
stepwise,    886, 1, 7.0, 14.565696954727173 ,     17.0, 5658.618924425821 , 5707.6964772156425
stepwise,    887, 1, 5.0, 16.682634115219116 ,     17.0, 5810.988005473392 , 5850.250047705249
stepwise,    888, 1, 4.0, 12.34552812576294  ,     14.0, 5676.056399997918 , 5710.410686950792
stepwise,    889, 1, 4.0, 15.221405982971191 ,     14.0, 5577.390615929428 , 5611.744902882303
stepwise,    890, 1, 5.0, 20.244488954544067 ,     16.0, 5567.185801408287 , 5606.447843640144
stepwise,    891, 2, 4.0, 24.668562173843384 ,     18.0, 5687.184054883932 , 5726.446097115789
stepwise,    892, 1, 4.0, 13.764118909835815 ,     14.0, 5695.667706042642 , 5730.0219929955165
stepwise,    893, 1, 5.0, 17.5625958442688   ,     17.0, 5382.945635000642 , 5422.207677232499
stepwise,    894, 1, 4.0, 13.117256879806519 ,     14.0, 5488.0543225426445, 5522.408609495519
stepwise,    895, 1, 6.0, 18.5252628326416   ,     19.0, 5577.601792410896 , 5621.7715899217355
stepwise,    896, 1, 2.0,  8.847666025161743 ,     10.0, 5532.22297808814  , 5556.761754483051
stepwise,    897, 1, 5.0, 14.000656843185425 ,     16.0, 5575.462754444346 , 5614.7247966762025
stepwise,    898, 1, 5.0, 15.36736011505127  ,     16.0, 5566.49340449412  , 5605.755446725977
stepwise,    899, 1, 5.0, 14.398730993270874 ,     16.0, 5428.433868200284 , 5467.695910432141
stepwise,    900, 1, 4.0, 11.924715995788574 ,     13.0, 5438.148457658678 , 5472.502744611553
stepwise,    901, 1, 4.0, 12.053590059280396 ,     14.0, 5704.087268893538 , 5738.4415558464125
stepwise,    902, 1, 5.0, 17.032054901123047 ,     17.0, 5747.603564057839 , 5786.865606289696
stepwise,    903, 1, 4.0, 12.220109939575195 ,     14.0, 5698.549324148609 , 5732.903611101484
stepwise,    904, 1, 4.0, 12.88322401046753  ,     14.0, 5564.149478318008 , 5598.5037652708825
stepwise,    905, 2, 2.0, 10.323129892349243 ,     10.0, 5458.63043981083  , 5488.076971484722
stepwise,    906, 1, 4.0, 12.862228870391846 ,     14.0, 5486.6303184147555, 5520.98460536763
stepwise,    907, 1, 4.0, 11.862040042877197 ,     13.0, 5581.92657428287  , 5616.280861235745
stepwise,    908, 3, 7.0, 21.326256036758423 ,     21.0, 5486.69823195503  , 5545.5912953028155
stepwise,    909, 2, 4.0, 20.693029165267944 ,     18.0, 5628.148234715804 , 5667.410276947661
stepwise,    910, 1, 6.0, 15.722028970718384 ,     18.0, 5628.545578261594 , 5672.715375772433
stepwise,    911, 1, 4.0, 13.141003131866455 ,     14.0, 5515.274252629809 , 5549.6285395826835
stepwise,    912, 1, 5.0, 15.273905038833618 ,     16.0, 5565.376452117515 , 5604.638494349372
stepwise,    913, 1, 5.0, 15.551253080368042 ,     16.0, 5342.807224365935 , 5382.069266597792
stepwise,    914, 1, 4.0, 13.274502038955688 ,     14.0, 5379.780576220902 , 5414.1348631737765
stepwise,    915, 1, 5.0, 15.318750858306885 ,     16.0, 5641.045736293686 , 5680.307778525543
stepwise,    916, 1, 4.0, 12.237426042556763 ,     14.0, 5815.4086278129835, 5849.762914765858
stepwise,    917, 1, 4.0, 13.403617143630981 ,     14.0, 5527.804227529925 , 5562.1585144828
stepwise,    918, 1, 5.0, 13.959720849990845 ,     16.0, 5672.5380193717365, 5711.800061603593
stepwise,    919, 1, 4.0, 13.154975891113281 ,     14.0, 5672.8373527689555, 5707.19163972183
stepwise,    920, 1, 4.0, 12.273020029067993 ,     14.0, 5786.817743291011 , 5821.172030243885
stepwise,    921, 1, 6.0, 20.10958504676819  ,     19.0, 5415.652424942075 , 5459.8222224529145
stepwise,    922, 1, 5.0, 16.19658398628235  ,     17.0, 5599.8157573670815, 5639.077799598938
stepwise,    923, 1, 5.0, 15.119929075241089 ,     16.0, 5591.524068084805 , 5630.7861103166615
stepwise,    924, 1, 4.0, 12.375424146652222 ,     13.0, 5612.040509725262 , 5646.394796678137
stepwise,    925, 1, 4.0, 12.890584945678711 ,     14.0, 5495.239806868034 , 5529.594093820909
stepwise,    926, 1, 5.0, 14.157243013381958 ,     16.0, 5703.577092363163 , 5742.8391345950195
stepwise,    927, 1, 2.0,  8.979063987731934 ,     10.0, 5606.029661404594 , 5630.568437799505
stepwise,    928, 1, 4.0, 13.051608085632324 ,     14.0, 5837.813615764516 , 5872.1679027173905
stepwise,    929, 2, 7.0, 20.559401988983154 ,     19.0, 5528.324331078374 , 5582.309639147177
stepwise,    930, 1, 5.0, 16.06338095664978  ,     17.0, 5636.199370505937 , 5675.461412737794
stepwise,    931, 1, 2.0,  9.057707071304321 ,     10.0, 5222.7203826210825, 5247.259159015994
stepwise,    932, 1, 6.0, 17.95675301551819  ,     18.0, 5575.075614000147 , 5619.245411510986
stepwise,    933, 1, 4.0, 12.356657028198242 ,     14.0, 5647.707152120863 , 5682.061439073737
stepwise,    934, 2, 7.0, 20.58041000366211  ,     19.0, 5403.354051257592 , 5457.339359326395
stepwise,    935, 1, 5.0, 16.337572813034058 ,     16.0, 5298.584146893068 , 5337.846189124924
stepwise,    936, 1, 6.0, 17.298813104629517 ,     18.0, 5360.920687997975 , 5405.090485508814
stepwise,    937, 1, 5.0, 23.442685842514038 ,     20.0, 5660.965756292741 , 5700.227798524598
stepwise,    938, 1, 5.0, 14.871138095855713 ,     16.0, 5751.895488679441 , 5791.157530911298
stepwise,    939, 2, 4.0, 20.480698823928833 ,     19.0, 5739.644759846273 , 5778.90680207813
stepwise,    940, 1, 7.0, 16.416685104370117 ,     17.0, 5545.594481471017 , 5594.672034260839
stepwise,    941, 3, 4.0, 20.33542490005493  ,     15.0, 5347.0920962165565, 5391.261893727396
stepwise,    942, 2, 4.0, 21.333273887634277 ,     19.0, 5682.868118713754 , 5722.13016094561
stepwise,    943, 1, 6.0, 19.094374179840088 ,     19.0, 5382.898739398606 , 5427.068536909445
stepwise,    944, 1, 4.0, 16.027508020401    ,     16.0, 5783.526727632328 , 5817.881014585203
stepwise,    945, 1, 4.0, 12.884913921356201 ,     14.0, 5523.391388311259 , 5557.745675264134
stepwise,    946, 1, 5.0, 15.168166160583496 ,     16.0, 5508.856101904565 , 5548.1181441364215
stepwise,    947, 1, 5.0, 15.074090003967285 ,     16.0, 5743.3203695352095, 5782.582411767066
stepwise,    948, 1, 4.0, 13.22472882270813  ,     14.0, 5333.56604189028  , 5367.9203288431545
stepwise,    949, 1, 5.0, 14.677677154541016 ,     16.0, 5583.471190284164 , 5622.7332325160205
stepwise,    950, 1, 4.0, 20.467074871063232 ,     18.0, 5575.887335604309 , 5610.241622557183
stepwise,    951, 1, 5.0, 16.091595888137817 ,     16.0, 5482.376262741878 , 5521.638304973735
stepwise,    952, 1, 5.0, 17.15218496322632  ,     17.0, 5478.367545281665 , 5517.629587513522
stepwise,    953, 1, 4.0, 12.848340034484863 ,     14.0, 5541.749013745117 , 5576.1033006979915
stepwise,    954, 1, 4.0, 12.597373962402344 ,     14.0, 5685.542225041415 , 5719.8965119942895
stepwise,    955, 2, 5.0, 18.130232095718384 ,     18.0, 5579.401573656328 , 5623.571371167167
stepwise,    956, 1, 4.0, 13.557277202606201 ,     14.0, 5608.165251633855 , 5642.51953858673
stepwise,    957, 1, 5.0, 13.946614980697632 ,     16.0, 5699.195489819134 , 5738.457532050991
stepwise,    958, 1, 5.0, 18.11809992790222  ,     17.0, 5579.730836198523 , 5618.99287843038
stepwise,    959, 2, 5.0, 17.713313102722168 ,     18.0, 5489.666666528598 , 5533.8364640394375
stepwise,    960, 1, 4.0, 12.771689176559448 ,     14.0, 5568.082686390244 , 5602.436973343119
stepwise,    961, 2, 4.0, 17.892784118652344 ,     18.0, 5452.206415308339 , 5491.468457540196
stepwise,    962, 3, 5.0, 27.67559003829956  ,     23.0, 5302.04711120132  , 5351.1246639911415
stepwise,    963, 1, 5.0, 21.994685173034668 ,     17.0, 5798.96548553606  , 5838.227527767917
stepwise,    964, 2, 0.0, 12.318212985992432 ,     12.0, 5642.06877301508  , 5661.699794131009
stepwise,    965, 1, 2.0,  9.133993148803711 ,     10.0, 5677.720074098311 , 5702.258850493222
stepwise,    966, 1, 4.0, 12.518914937973022 ,     14.0, 5440.349016105764 , 5474.703303058639
stepwise,    967, 1, 5.0, 16.418752908706665 ,     15.0, 5605.850206768277 , 5645.1122490001335
stepwise,    968, 1, 4.0, 15.747003078460693 ,     14.0, 5517.269205557506 , 5551.623492510381
stepwise,    969, 1, 4.0, 13.278795957565308 ,     14.0, 5738.514370311393 , 5772.868657264267
stepwise,    970, 2, 5.0, 20.36560893058777  ,     17.0, 5472.642051618395 , 5516.811849129234
stepwise,    971, 1, 5.0, 14.480138063430786 ,     16.0, 5345.699238118527 , 5384.961280350384
stepwise,    972, 4, 4.0, 21.52513813972473  ,     18.0, 5660.657101526694 , 5709.734654316515
stepwise,    973, 1, 4.0, 13.618537902832031 ,     14.0, 5393.296737141723 , 5427.651024094597
stepwise,    974, 2, 0.0,  9.897356033325195 ,     11.0, 5507.908176100344 , 5527.539197216272
stepwise,    975, 1, 4.0, 13.399933099746704 ,     14.0, 5475.744905778299 , 5510.099192731173
stepwise,    976, 1, 7.0, 15.178616046905518 ,     17.0, 5468.907305315852 , 5517.984858105673
stepwise,    977, 1, 5.0, 14.135533094406128 ,     16.0, 5537.2776275101405, 5576.539669741997
stepwise,    978, 1, 5.0, 15.084644079208374 ,     15.0, 5670.66144428187  , 5709.923486513727
stepwise,    979, 3, 2.0, 15.33467411994934  ,     16.0, 5585.448304197485 , 5619.80259115036
stepwise,    980, 4, 4.0, 32.1735999584198   ,     24.0, 5685.387366952295 , 5734.464919742117
stepwise,    981, 2, 1.0, 11.265958786010742 ,     12.0, 5588.935381162626 , 5613.474157557537
stepwise,    982, 1, 5.0, 16.061880111694336 ,     17.0, 5632.622295981101 , 5671.884338212958
stepwise,    983, 1, 4.0, 11.96161413192749  ,     14.0, 5783.4638027110395, 5817.818089663914
stepwise,    984, 1, 4.0, 13.37099003791809  ,     14.0, 5526.649566390785 , 5561.00385334366
stepwise,    985, 1, 5.0, 13.155272006988525 ,     16.0, 5907.054695918879 , 5946.316738150736
stepwise,    986, 1, 5.0, 15.031697988510132 ,     16.0, 5444.652175813101 , 5483.914218044958
stepwise,    987, 1, 5.0, 14.018997192382812 ,     16.0, 5527.329928978417 , 5566.591971210274
stepwise,    988, 1, 4.0, 11.897860050201416 ,     14.0, 5556.347594098475 , 5590.70188105135
stepwise,    989, 1, 4.0, 13.124989986419678 ,     14.0, 5716.434481609614 , 5750.788768562488
stepwise,    990, 3, 4.0, 19.18419313430786  ,     16.0, 5662.530743718408 , 5706.700541229247
stepwise,    991, 1, 5.0, 15.98188591003418  ,     16.0, 5308.294643666481 , 5347.5566858983375
stepwise,    992, 2, 5.0, 18.375828981399536 ,     17.0, 5604.268226751183 , 5648.438024262022
stepwise,    993, 2, 6.0, 22.15071201324463  ,     20.0, 5570.099674912661 , 5619.177227702482
stepwise,    994, 2, 5.0, 17.50973892211914  ,     17.0, 5655.746054255683 , 5699.915851766522
stepwise,    995, 2, 0.0,  9.784943103790283 ,     12.0, 5749.199138253364 , 5768.830159369293
stepwise,    996, 1, 4.0, 13.294111013412476 ,     14.0, 5589.308307851886 , 5623.66259480476
stepwise,    997, 2, 0.0, 10.10161805152893  ,     11.0, 5695.591129468071 , 5715.222150584
stepwise,    998, 1, 6.0, 17.13776707649231  ,     18.0, 5577.683862089678 , 5621.853659600517
stepwise,    999, 1, 5.0, 16.900619983673096 ,     18.0, 5475.66062924062  , 5514.922671472477
stepwise,   1000, 2, 0.0, 10.180284023284912 ,     13.0, 5849.902504771956 , 5869.533525887885