method,sim_id,p,q,time,n_models,aic,bic
grid_search,1,1,4.0,95.55258417129517,64.0,5734.627132789668,5768.981419742543
grid_search,2,5,4.0,91.77314901351929,64.0,5589.446031561558,5643.431339630361
grid_search,3,7,3.0,90.89189100265503,64.0,5629.448057416629,5688.341120764415
grid_search,4,1,4.0,80.12367796897888,64.0,5678.550605346281,5712.904892299156
grid_search,5,1,4.0,101.07540202140808,64.0,5383.622145293716,5417.976432246591
grid_search,6,1,4.0,82.71910405158997,64.0,5755.61796367378,5789.972250626654
grid_search,7,2,4.0,85.51804518699646,64.0,5660.100267131685,5699.3623093635415
grid_search,8,3,6.0,85.57721281051636,64.0,5632.082821472881,5686.068129541684
grid_search,9,2,5.0,86.37509894371033,64.0,5676.496876805721,5720.66667431656
grid_search,10,1,4.0,83.35626411437988,64.0,5427.603500605042,5461.957787557917
grid_search,11,5,6.0,84.09112000465393,64.0,5903.403477672199,5967.204296298967
grid_search,12,1,4.0,73.71083188056946,64.0,5671.960106787546,5706.31439374042
grid_search,13,7,1.0,93.24653506278992,64.0,5712.306109229135,5761.383662018956
grid_search,14,4,4.0,84.74807000160217,64.0,5557.647724119046,5606.725276908867
grid_search,15,3,4.0,82.36850500106812,64.0,5779.1137394430925,5823.283536953932
grid_search,16,1,4.0,74.46326804161072,64.0,5596.640737552904,5630.995024505779
grid_search,17,4,6.0,81.42299604415894,64.0,5609.5764215793615,5668.469484927147
grid_search,18,1,5.0,81.58600497245789,64.0,5554.413315945001,5593.675358176858
grid_search,19,1,7.0,79.12441611289978,64.0,5616.449994420265,5665.527547210087
grid_search,20,6,5.0,97.42905187606812,64.0,5733.225624596782,5797.02644322355
grid_search,21,3,7.0,85.7881441116333,64.0,5634.726434299413,5693.619497647199
grid_search,22,1,5.0,87.16468691825867,64.0,5510.475251617545,5549.737293849402
grid_search,23,6,7.0,89.81160688400269,64.0,5541.959578776221,5615.575907960953
grid_search,24,1,5.0,86.68737983703613,64.0,5479.685683264935,5518.9477254967915
grid_search,25,7,6.0,82.64452600479126,64.0,5514.61057740253,5588.226906587262
grid_search,26,6,6.0,78.3886489868164,64.0,5583.981873874271,5652.690447780021
grid_search,27,5,6.0,85.67883110046387,64.0,5560.021355116046,5623.822173742814
grid_search,28,4,7.0,95.72938990592957,64.0,5466.558828380135,5530.359647006903
grid_search,29,1,5.0,98.51293396949768,64.0,5548.298906237786,5587.560948469642
grid_search,30,5,5.0,91.52572417259216,64.0,5456.410799408021,5515.303862755807
grid_search,31,5,7.0,84.91382884979248,64.0,5578.843604541434,5647.552178447184
grid_search,32,5,7.0,85.21511697769165,64.0,5734.997565779456,5803.706139685206
grid_search,33,4,5.0,89.84085893630981,64.0,5708.873093581852,5762.858401650656
grid_search,34,5,5.0,93.0691430568695,64.0,5422.425104901454,5481.3181682492395
grid_search,35,3,4.0,99.7464849948883,64.0,5543.84964445279,5588.019441963629
grid_search,36,1,4.0,84.8676769733429,64.0,5751.540476449523,5785.894763402398
grid_search,37,1,4.0,75.57544183731079,64.0,5731.2450625860165,5765.599349538891
grid_search,38,7,7.0,93.45655179023743,64.0,5631.269436382402,5709.793520846117
grid_search,39,4,6.0,78.27252292633057,64.0,5714.468430420921,5773.361493768707
grid_search,40,4,4.0,88.45656108856201,64.0,5757.06233690766,5806.1398896974815
grid_search,41,1,5.0,85.6173369884491,64.0,5552.142792041069,5591.404834272926
grid_search,42,1,4.0,92.22170996665955,64.0,5471.1513595581255,5505.505646511
grid_search,43,1,5.0,85.72814702987671,64.0,5678.418700882846,5717.680743114703
grid_search,44,5,6.0,77.50491404533386,64.0,5795.717907480561,5859.518726107329
grid_search,45,1,5.0,104.88109278678894,64.0,5842.2714391837635,5881.53348141562
grid_search,46,6,5.0,94.6685791015625,64.0,5513.1412291804,5576.942047807168
grid_search,47,1,5.0,81.18936800956726,64.0,5564.630063080824,5603.8921053126805
grid_search,48,1,5.0,86.01581406593323,64.0,5625.012201293687,5664.274243525544
grid_search,49,2,5.0,93.07024884223938,64.0,5631.022133024819,5675.191930535658
grid_search,50,5,7.0,91.72747087478638,64.0,5585.138647051754,5653.847220957504
grid_search,51,7,4.0,94.3981249332428,64.0,5744.84440083019,5808.645219456958
grid_search,52,1,4.0,85.86971521377563,64.0,5602.61498738511,5636.969274337985
grid_search,53,1,4.0,95.65748381614685,64.0,5416.968028258362,5451.322315211237
grid_search,54,4,5.0,75.04460096359253,64.0,5638.716918161291,5692.702226230094
grid_search,55,1,4.0,83.57265496253967,64.0,5650.322631597694,5684.676918550569
grid_search,56,5,6.0,88.44021415710449,64.0,5602.521956164339,5666.322774791107
grid_search,57,1,4.0,84.92392706871033,64.0,5662.512509054303,5696.866796007178
grid_search,58,4,4.0,96.9475929737091,64.0,5694.717668528649,5743.79522131847
grid_search,59,4,7.0,96.1452169418335,64.0,5485.123121139235,5548.923939766003
grid_search,60,2,4.0,85.36021399497986,64.0,5835.876449708603,5875.13849194046
grid_search,61,3,7.0,83.3614890575409,64.0,5541.169280843656,5600.062344191442
grid_search,62,4,5.0,82.55952310562134,64.0,5566.847422904198,5620.832730973001
grid_search,63,2,4.0,83.34654593467712,64.0,5544.715054925715,5583.977097157572
grid_search,64,6,7.0,83.36771988868713,64.0,5541.17849996589,5614.794829150623
grid_search,65,4,7.0,75.31452703475952,64.0,5462.699333266052,5526.50015189282
grid_search,66,1,4.0,81.30721592903137,64.0,5485.069999305301,5519.424286258176
grid_search,67,1,6.0,85.3795759677887,64.0,5600.340188349907,5644.509985860746
grid_search,68,1,5.0,85.72877407073975,64.0,5475.771458424486,5515.033500656343
grid_search,69,7,1.0,90.67472386360168,64.0,5513.364436504333,5562.441989294154
grid_search,70,1,4.0,97.02503705024719,64.0,5487.764692408049,5522.118979360924
grid_search,71,1,4.0,90.62080907821655,64.0,5635.913635931864,5670.267922884738
grid_search,72,1,4.0,96.5225121974945,64.0,5736.317187514111,5770.671474466985
grid_search,73,1,5.0,97.50182795524597,64.0,5797.589132392023,5836.85117462388
grid_search,74,4,4.0,129.35348200798035,64.0,5396.226908818531,5445.3044616083525
grid_search,75,7,5.0,101.19742608070374,64.0,5479.528031099393,5548.236605005143
grid_search,76,7,5.0,105.57487893104553,64.0,5428.259845262922,5496.968419168672
grid_search,77,5,4.0,107.06427597999573,64.0,5576.212688977104,5630.197997045908
grid_search,78,7,2.0,90.9258291721344,64.0,5501.078653092344,5555.063961161148
grid_search,79,5,4.0,95.95489811897278,64.0,5801.558852170857,5855.54416023966
grid_search,80,5,2.0,98.75601696968079,64.0,5421.864852061658,5466.034649572497
grid_search,81,1,5.0,95.0830020904541,64.0,5595.311252726627,5634.5732949584835
grid_search,82,6,5.0,95.05608677864075,64.0,5616.157682333487,5679.958500960255
grid_search,83,6,2.0,98.90226721763611,64.0,5808.2476369390515,5857.325189728873
grid_search,84,4,7.0,107.34895300865173,64.0,5663.96602694758,5727.766845574348
grid_search,85,2,4.0,105.63815307617188,64.0,5534.568473222138,5573.830515453995
grid_search,86,4,7.0,104.8842339515686,64.0,5580.523161122984,5644.323979749752
grid_search,87,6,0.0,102.23171305656433,64.0,5821.214350152845,5860.476392384702
grid_search,88,5,4.0,149.508624792099,64.0,5570.0868741500835,5624.072182218887
grid_search,89,1,4.0,95.58122992515564,64.0,5806.105945708512,5840.460232661387
grid_search,90,7,2.0,100.32339811325073,64.0,5570.364306108387,5624.34961417719
grid_search,91,1,4.0,94.06760501861572,64.0,5533.711372408927,5568.065659361801
grid_search,92,3,5.0,90.53983211517334,64.0,5779.107759135539,5828.18531192536
grid_search,93,1,4.0,109.24535202980042,64.0,5532.7370906529295,5567.091377605804
grid_search,94,3,6.0,115.76216006278992,64.0,5377.804965263368,5431.790273332172
grid_search,95,1,4.0,83.25256299972534,64.0,5683.38216954933,5717.736456502204
grid_search,96,1,5.0,94.81582188606262,64.0,5452.068054119969,5491.330096351826
grid_search,97,2,4.0,105.64202308654785,64.0,5647.974522263679,5687.236564495536
grid_search,98,4,6.0,94.75062799453735,64.0,5766.912615590875,5825.805678938661
grid_search,99,5,1.0,88.83340311050415,64.0,5659.131268776866,5698.393311008723
grid_search,100,7,4.0,101.20958495140076,64.0,5415.999122411192,5479.79994103796
grid_search,101,1,4.0,100.82610511779785,64.0,5688.509581292762,5722.863868245637
grid_search,102,1,4.0,93.20562100410461,64.0,5534.437328410436,5568.7916153633105
grid_search,103,1,5.0,94.54436302185059,64.0,5443.2300028532945,5482.492045085151
grid_search,104,4,4.0,89.08187198638916,64.0,5786.294621031206,5835.372173821027
grid_search,105,7,7.0,91.96883893013,64.0,5564.4359417865235,5642.960026250237
grid_search,106,4,7.0,78.32393908500671,64.0,5610.807022152714,5674.607840779482
grid_search,107,1,4.0,82.72580695152283,64.0,5485.342290126632,5519.696577079507
grid_search,108,4,4.0,82.56483507156372,64.0,5399.480647333495,5448.558200123316
grid_search,109,5,4.0,93.91074585914612,64.0,5703.529193259665,5757.514501328468
grid_search,110,3,6.0,79.71512389183044,64.0,5887.764153719897,5941.7494617887005
grid_search,111,1,6.0,78.69098997116089,64.0,5420.2587569713605,5464.4285544822
grid_search,112,5,6.0,85.2971339225769,64.0,5675.080523915132,5738.8813425419
grid_search,113,2,4.0,80.38474988937378,64.0,5788.398672620405,5827.660714852262
grid_search,114,1,5.0,76.67306685447693,64.0,5562.843858472228,5602.105900704085
grid_search,115,5,6.0,83.16586995124817,64.0,5716.602967653103,5780.403786279871
grid_search,116,4,4.0,83.86295795440674,64.0,5503.558357573574,5552.635910363395
grid_search,117,6,6.0,78.14688801765442,64.0,5623.751539865309,5692.460113771059
grid_search,118,7,6.0,83.15588784217834,64.0,5275.949374173156,5349.565703357888
grid_search,119,7,1.0,77.74031209945679,64.0,5717.194831506335,5766.272384296156
grid_search,120,1,5.0,71.45757484436035,64.0,5588.570324678378,5627.832366910235
grid_search,121,5,4.0,83.80477404594421,64.0,5591.305751990963,5645.291060059766
grid_search,122,3,5.0,76.04744505882263,64.0,5585.346157372988,5634.42371016281
grid_search,123,3,5.0,82.24309802055359,64.0,5424.938137441234,5474.0156902310555
grid_search,124,1,7.0,81.7680230140686,64.0,5502.845396599828,5551.922949389649
grid_search,125,1,5.0,72.74593782424927,64.0,5676.258762209793,5715.5208044416495
grid_search,126,5,2.0,80.56446290016174,64.0,5453.388219022034,5497.558016532873
grid_search,127,1,4.0,84.83578896522522,64.0,5534.429427081121,5568.783714033995
grid_search,128,2,5.0,91.1282570362091,64.0,5632.100972019911,5676.27076953075
grid_search,129,1,7.0,93.25617289543152,64.0,5622.995668324258,5672.073221114079
grid_search,130,2,4.0,92.37110209465027,64.0,5351.8330366698365,5391.095078901693
grid_search,131,1,4.0,85.10908794403076,64.0,5743.5496470361,5777.903933988975
grid_search,132,5,6.0,80.65168714523315,64.0,5622.280804162336,5686.081622789104
grid_search,133,2,5.0,86.35774111747742,64.0,5435.180788240777,5479.350585751616
grid_search,134,2,4.0,78.24974799156189,64.0,5664.093332243039,5703.355374474896
grid_search,135,4,4.0,81.38362002372742,64.0,5550.7842250240565,5599.861777813878
grid_search,136,5,7.0,86.95146918296814,64.0,5505.049884793902,5573.758458699652
grid_search,137,2,4.0,83.74752402305603,64.0,5455.018069563635,5494.280111795492
grid_search,138,1,4.0,89.15727996826172,64.0,5370.693812563237,5405.0480995161115
grid_search,139,1,4.0,79.55372214317322,64.0,5564.295227760858,5598.649514713733
grid_search,140,7,3.0,86.00853109359741,64.0,5619.626599069456,5678.519662417241
grid_search,141,4,6.0,80.51783514022827,64.0,5646.3280578215845,5705.22112116937
grid_search,142,6,5.0,81.51767587661743,64.0,5652.229444605007,5716.030263231775
grid_search,143,2,4.0,83.10901808738708,64.0,5694.620425500271,5733.882467732128
grid_search,144,4,7.0,84.75766205787659,64.0,5846.212797984925,5910.013616611693
grid_search,145,1,6.0,80.14964389801025,64.0,5406.371837830708,5450.541635341547
grid_search,146,7,7.0,81.84280204772949,64.0,5564.748404597162,5643.272489060877
grid_search,147,4,4.0,80.93566393852234,64.0,5612.503347891176,5661.580900680998
grid_search,148,1,4.0,75.970458984375,64.0,5552.094558361801,5586.448845314676
grid_search,149,5,7.0,84.66735291481018,64.0,5672.761345467734,5741.469919373484
grid_search,150,1,5.0,78.32747197151184,64.0,5571.622118681707,5610.884160913564
grid_search,151,1,5.0,87.35599207878113,64.0,5323.128230473866,5362.390272705723
grid_search,152,1,4.0,82.86423397064209,64.0,5688.184271578962,5722.538558531836
grid_search,153,4,5.0,80.42419695854187,64.0,5623.115769945215,5677.101078014019
grid_search,154,1,6.0,86.26750206947327,64.0,5721.8834252683955,5766.053222779235
grid_search,155,1,6.0,82.3779239654541,64.0,5459.075951153196,5503.245748664035
grid_search,156,1,7.0,73.77045798301697,64.0,5637.090386986769,5686.16793977659
grid_search,157,2,7.0,81.6094560623169,64.0,5520.28622113509,5574.271529203894
grid_search,158,1,4.0,78.42992806434631,64.0,5604.681383070876,5639.035670023751
grid_search,159,4,4.0,84.32320022583008,64.0,5575.162309644088,5624.239862433909
grid_search,160,6,0.0,84.33833694458008,64.0,5755.272927715961,5794.534969947817
grid_search,161,3,5.0,88.11772513389587,64.0,5474.996665941985,5524.0742187318065
grid_search,162,1,5.0,82.07346105575562,64.0,5542.312226951704,5581.574269183561
grid_search,163,1,6.0,76.31162691116333,64.0,5448.882964483019,5493.052761993858
grid_search,164,5,7.0,73.86766290664673,64.0,5730.277076144117,5798.985650049867
grid_search,165,6,3.0,78.10596799850464,64.0,5464.507095648697,5518.492403717501
grid_search,166,4,7.0,78.44789409637451,64.0,5533.984562828327,5597.785381455095
grid_search,167,6,5.0,79.58745884895325,64.0,5448.77530479501,5512.576123421778
grid_search,168,1,4.0,84.01531600952148,64.0,5582.686844734452,5617.041131687327
grid_search,169,1,4.0,83.41773295402527,64.0,5572.650212947964,5607.004499900839
grid_search,170,6,7.0,85.80360698699951,64.0,5435.404845213301,5509.0211743980335
grid_search,171,4,7.0,79.64431595802307,64.0,5719.425602307884,5783.226420934652
grid_search,172,4,5.0,87.90333700180054,64.0,5812.306508372955,5866.291816441759
grid_search,173,6,5.0,89.07915496826172,64.0,5536.579475692334,5600.380294319102
grid_search,174,1,4.0,72.27627205848694,64.0,5504.9031895866565,5539.257476539531
grid_search,175,2,6.0,81.08093595504761,64.0,5405.434035470257,5454.5115882600785
grid_search,176,2,4.0,78.46315383911133,64.0,5654.06676224686,5693.328804478717
grid_search,177,5,2.0,80.96204710006714,64.0,5827.865509888727,5872.035307399566
grid_search,178,3,4.0,74.80562090873718,64.0,5457.420012194939,5501.589809705778
grid_search,179,4,6.0,86.15037894248962,64.0,5404.646468900251,5463.539532248037
grid_search,180,2,6.0,80.5462589263916,64.0,5613.556659484248,5662.634212274069
grid_search,181,1,4.0,78.54527997970581,64.0,5630.425010484955,5664.77929743783
grid_search,182,1,5.0,87.47143077850342,64.0,5642.5839233949,5681.845965626757
grid_search,183,4,4.0,84.52943706512451,64.0,5412.000904384335,5461.078457174156
grid_search,184,6,7.0,81.88628196716309,64.0,5309.857780079775,5383.474109264507
grid_search,185,1,5.0,84.28617787361145,64.0,5480.159580979685,5519.421623211542
grid_search,186,5,6.0,78.56148600578308,64.0,5811.277767555946,5875.078586182714
grid_search,187,7,4.0,81.99314904212952,64.0,5688.113929343018,5751.914747969786
grid_search,188,2,4.0,87.2938449382782,64.0,5456.78484584007,5496.046888071927
grid_search,189,1,4.0,75.66576290130615,64.0,5588.68416206477,5623.038449017645
grid_search,190,4,7.0,87.6959490776062,64.0,5488.4679108808905,5552.2687295076585
grid_search,191,4,6.0,78.91912698745728,64.0,5685.800040092924,5744.69310344071
grid_search,192,4,6.0,89.7221291065216,64.0,5677.589578924982,5736.482642272767
grid_search,193,6,0.0,84.78046011924744,64.0,5474.6933593220565,5513.955401553913
grid_search,194,5,6.0,74.52624011039734,64.0,5716.796766532357,5780.597585159125
grid_search,195,2,4.0,78.81763005256653,64.0,5634.222839606525,5673.484881838382
grid_search,196,1,4.0,84.26052212715149,64.0,5585.660316535541,5620.014603488416
grid_search,197,6,3.0,79.71558499336243,64.0,5553.8662344887625,5607.851542557566
grid_search,198,2,4.0,83.56751012802124,64.0,5744.624829758532,5783.8868719903885
grid_search,199,3,4.0,93.0133228302002,64.0,5450.678751550627,5494.848549061466
grid_search,200,3,4.0,84.55844807624817,64.0,5646.192251429534,5690.362048940373
grid_search,201,1,4.0,83.77723097801208,64.0,5688.718098842353,5723.072385795228
grid_search,202,5,4.0,80.36645197868347,64.0,5493.724334977041,5547.709643045844
grid_search,203,3,4.0,85.25979590415955,64.0,5381.997216423432,5426.167013934271
grid_search,204,1,4.0,90.2211401462555,64.0,5633.747513334308,5668.101800287182
grid_search,205,2,5.0,97.93197798728943,64.0,5714.916169454362,5759.085966965201
grid_search,206,1,4.0,98.82698321342468,64.0,5711.5033867494085,5745.857673702283
grid_search,207,1,4.0,93.45630288124084,64.0,5497.530330951929,5531.884617904803
grid_search,208,5,5.0,86.78953504562378,64.0,5352.469010145506,5411.362073493292
grid_search,209,2,6.0,81.33400106430054,64.0,5399.782169256087,5448.859722045909
grid_search,210,1,4.0,88.7784059047699,64.0,5532.146140964817,5566.500427917692
grid_search,211,4,4.0,83.35529494285583,64.0,5617.792993964469,5666.87054675429
grid_search,212,1,5.0,72.94250392913818,64.0,5397.855524330948,5437.117566562805
grid_search,213,4,6.0,89.79400491714478,64.0,5723.605892075609,5782.498955423394
grid_search,214,3,6.0,84.83618807792664,64.0,5685.743592933594,5739.728901002398
grid_search,215,7,3.0,88.22638201713562,64.0,5647.5431579338365,5706.436221281622
grid_search,216,1,4.0,88.58469200134277,64.0,5651.480506277871,5685.834793230746
grid_search,217,1,4.0,76.76986503601074,64.0,5692.882011107406,5727.23629806028
grid_search,218,1,4.0,81.5522940158844,64.0,5735.680129816888,5770.034416769763
grid_search,219,5,4.0,89.81470012664795,64.0,5794.148439455661,5848.1337475244645
grid_search,220,1,4.0,82.41939282417297,64.0,5545.73902584471,5580.093312797585
grid_search,221,2,7.0,78.13166904449463,64.0,5735.72838463451,5789.713692703313
grid_search,222,7,6.0,83.24742984771729,64.0,5754.829801129302,5828.446130314034
grid_search,223,5,4.0,86.55099296569824,64.0,5415.013376184968,5468.998684253772
grid_search,224,6,6.0,87.52907299995422,64.0,5398.47283627965,5467.181410185401
grid_search,225,1,5.0,74.57978916168213,64.0,5769.168376144725,5808.430418376582
grid_search,226,6,0.0,80.93784999847412,64.0,5731.134729074567,5770.396771306424
grid_search,227,2,5.0,88.95131707191467,64.0,5736.86103232598,5781.030829836819
grid_search,228,1,4.0,81.19537091255188,64.0,5626.5277682810265,5660.882055233901
grid_search,229,1,4.0,87.88694214820862,64.0,5444.8328167132995,5479.187103666174
grid_search,230,6,3.0,96.48901605606079,64.0,5493.91758306607,5547.902891134873
grid_search,231,7,1.0,80.28793787956238,64.0,5446.282317049729,5495.35986983955
grid_search,232,6,7.0,73.4822690486908,64.0,5614.220685141704,5687.8370143264365
grid_search,233,2,5.0,80.77236986160278,64.0,5774.6118608457555,5818.781658356595
grid_search,234,3,7.0,91.28036713600159,64.0,5404.426945849084,5463.32000919687
grid_search,235,3,5.0,79.65850687026978,64.0,5785.568626619074,5834.6461794088955
grid_search,236,2,6.0,87.30212116241455,64.0,5713.983511703949,5763.061064493771
grid_search,237,5,4.0,88.85254502296448,64.0,5389.838542053076,5443.823850121879
grid_search,238,1,4.0,91.48798298835754,64.0,5463.588409747423,5497.942696700297
grid_search,239,1,4.0,76.73593807220459,64.0,5543.316495633694,5577.670782586569
grid_search,240,4,4.0,79.0320200920105,64.0,5632.999590676703,5682.077143466524
grid_search,241,1,5.0,78.07076907157898,64.0,5602.994304637497,5642.256346869354
grid_search,242,1,5.0,85.59526085853577,64.0,5559.684096282779,5598.946138514636
grid_search,243,1,4.0,75.42037391662598,64.0,5534.034681122748,5568.388968075623
grid_search,244,1,6.0,85.74041891098022,64.0,5608.963214157587,5653.133011668426
grid_search,245,1,5.0,82.16089606285095,64.0,5770.236481982647,5809.498524214504
grid_search,246,3,7.0,92.00547790527344,64.0,5517.793814384304,5576.68687773209
grid_search,247,5,2.0,76.73837399482727,64.0,5656.449862243051,5700.61965975389
grid_search,248,7,4.0,86.55477595329285,64.0,5492.214600261631,5556.015418888399
grid_search,249,2,6.0,87.00105404853821,64.0,5463.390772151815,5512.468324941637
grid_search,250,1,4.0,82.61877512931824,64.0,5297.1586109950185,5331.512897947893
grid_search,251,1,6.0,80.93976902961731,64.0,5676.157474114429,5720.327271625268
grid_search,252,1,4.0,86.7486469745636,64.0,5482.551614549859,5516.905901502733
grid_search,253,4,4.0,80.9437849521637,64.0,5634.946564206761,5684.024116996582
grid_search,254,6,7.0,94.6530110836029,64.0,5619.5992770776365,5693.215606262369
grid_search,255,5,6.0,86.11574387550354,64.0,5372.026557676745,5435.827376303513
grid_search,256,7,4.0,86.25490212440491,64.0,5705.141870914244,5768.9426895410115
grid_search,257,4,5.0,75.310213804245,64.0,5442.516033406002,5496.5013414748055
grid_search,258,2,6.0,80.32171511650085,64.0,5693.740357968923,5742.817910758744
grid_search,259,1,4.0,82.189768075943,64.0,5638.751032164967,5673.105319117842
grid_search,260,1,4.0,82.11628103256226,64.0,5521.581804748113,5555.936091700988
grid_search,261,1,4.0,81.89807510375977,64.0,5703.952110408867,5738.306397361742
grid_search,262,4,4.0,76.18845200538635,64.0,5630.863679543607,5679.941232333428
grid_search,263,1,4.0,84.67444491386414,64.0,5778.927347370801,5813.2816343236755
grid_search,264,5,6.0,82.5827271938324,64.0,5689.1549944587105,5752.955813085478
grid_search,265,1,4.0,77.76557803153992,64.0,5522.658693125522,5557.012980078397
grid_search,266,1,5.0,80.02273392677307,64.0,5613.6558482708515,5652.917890502708
grid_search,267,1,6.0,75.1806468963623,64.0,5876.518210331588,5920.688007842427
grid_search,268,1,4.0,78.12891411781311,64.0,5678.075739989004,5712.430026941879
grid_search,269,6,5.0,94.28373408317566,64.0,5527.788379601494,5591.589198228262
grid_search,270,2,4.0,82.82700896263123,64.0,5785.459700191051,5824.7217424229075
grid_search,271,6,5.0,80.6991879940033,64.0,5718.3953934947185,5782.1962121214865
grid_search,272,4,7.0,77.5672538280487,64.0,5606.241614102196,5670.042432728964
grid_search,273,3,5.0,81.72727417945862,64.0,5629.764398101308,5678.841950891129
grid_search,274,1,5.0,73.55597996711731,64.0,5641.744513331964,5681.006555563821
grid_search,275,2,4.0,77.38518595695496,64.0,5639.345344922032,5678.607387153889
grid_search,276,5,5.0,82.46625685691833,64.0,5742.57917481362,5801.472238161406
grid_search,277,3,4.0,84.11856603622437,64.0,5610.397276535808,5654.567074046647
grid_search,278,7,6.0,82.29793405532837,64.0,5693.068160299175,5766.684489483908
grid_search,279,1,5.0,83.05253601074219,64.0,5517.072947634697,5556.334989866554
grid_search,280,7,1.0,86.99641108512878,64.0,5693.329639462234,5742.407192252055
grid_search,281,1,5.0,78.21881890296936,64.0,5574.6089285682065,5613.870970800063
grid_search,282,1,5.0,88.33491706848145,64.0,5551.3908667127935,5590.65290894465
grid_search,283,1,4.0,80.16707587242126,64.0,5454.9773870568315,5489.331674009706
grid_search,284,1,5.0,85.9336268901825,64.0,5541.5440158714,5580.806058103257
grid_search,285,1,4.0,80.72686314582825,64.0,5439.981206931873,5474.335493884748
grid_search,286,7,3.0,74.74049592018127,64.0,5403.902147999664,5462.795211347449
grid_search,287,1,6.0,80.13869905471802,64.0,5340.418119814497,5384.587917325336
grid_search,288,7,5.0,81.75394105911255,64.0,5705.737541863717,5774.446115769467
grid_search,289,7,5.0,86.85158085823059,64.0,5352.2329817528425,5420.941555658593
grid_search,290,1,5.0,79.9012439250946,64.0,5569.913734697646,5609.175776929503
grid_search,291,3,4.0,82.64240097999573,64.0,5424.00096664782,5468.170764158659
grid_search,292,5,5.0,82.29254102706909,64.0,5493.338330593135,5552.2313939409205
grid_search,293,6,7.0,76.71243000030518,64.0,5434.058791955334,5507.675121140066
grid_search,294,1,5.0,83.73802709579468,64.0,5598.725004161647,5637.987046393504
grid_search,295,4,7.0,73.27394080162048,64.0,5569.130355209541,5632.931173836309
grid_search,296,3,7.0,86.21584105491638,64.0,5597.940499403231,5656.833562751017
grid_search,297,3,6.0,86.86726188659668,64.0,5510.46036909877,5564.445677167573
grid_search,298,1,5.0,82.26715898513794,64.0,5698.8955042298985,5738.157546461755
grid_search,299,4,7.0,88.82263898849487,64.0,5572.533491350557,5636.334309977325
grid_search,300,3,4.0,78.49411702156067,64.0,5819.800074674083,5863.969872184922
grid_search,301,1,4.0,81.45372891426086,64.0,5728.9839985796125,5763.338285532487
grid_search,302,2,5.0,80.28745198249817,64.0,5603.570799288789,5647.740596799628
grid_search,303,1,4.0,78.75683093070984,64.0,5609.919736144008,5644.274023096883
grid_search,304,4,6.0,84.08702611923218,64.0,5619.5304462328895,5678.423509580675
grid_search,305,1,5.0,83.51907801628113,64.0,5552.513468508626,5591.775510740483
grid_search,306,1,5.0,78.42809009552002,64.0,5669.517661069667,5708.779703301524
grid_search,307,6,7.0,80.92325782775879,64.0,5486.969642663584,5560.585971848316
grid_search,308,7,2.0,79.07160997390747,64.0,5756.671046462258,5810.656354531062
grid_search,309,5,7.0,80.3643901348114,64.0,5689.371037289583,5758.079611195333
grid_search,310,7,4.0,87.97728514671326,64.0,5540.27282327496,5604.073641901728
grid_search,311,1,5.0,76.9147880077362,64.0,5732.8181232762345,5772.080165508091
grid_search,312,5,5.0,89.0663537979126,64.0,5410.544558741074,5469.43762208886
grid_search,313,1,4.0,79.27242994308472,64.0,5543.094130121278,5577.4484170741525
grid_search,314,4,4.0,77.08753108978271,64.0,5572.7825643918695,5621.860117181691
grid_search,315,2,6.0,77.15515398979187,64.0,5467.515755720684,5516.593308510505
grid_search,316,5,6.0,101.09344291687012,64.0,5409.4181791864,5473.218997813168
grid_search,317,1,5.0,80.17543888092041,64.0,5525.00258358634,5564.264625818197
grid_search,318,1,5.0,79.01592206954956,64.0,5875.46985888614,5914.731901117997
grid_search,319,2,6.0,94.03022289276123,64.0,5545.73932116649,5594.816873956312
grid_search,320,4,4.0,85.41075301170349,64.0,5252.95286980387,5302.030422593692
grid_search,321,3,5.0,83.27178287506104,64.0,5403.578573813245,5452.656126603067
grid_search,322,7,0.0,77.19219493865967,64.0,5816.332812919101,5860.50261042994
grid_search,323,1,4.0,73.09970211982727,64.0,5515.404507837119,5549.758794789994
grid_search,324,3,4.0,86.2964038848877,64.0,5518.076194041432,5562.245991552271
grid_search,325,7,2.0,83.22936797142029,64.0,5676.396162250556,5730.381470319359
grid_search,326,1,5.0,76.30497288703918,64.0,5612.02319626626,5651.285238498117
grid_search,327,4,6.0,81.07230687141418,64.0,5527.068360213981,5585.961423561766
grid_search,328,1,4.0,84.91342782974243,64.0,5341.946566458572,5376.300853411447
grid_search,329,6,3.0,84.07440400123596,64.0,5458.146630019644,5512.131938088448
grid_search,330,3,4.0,76.32382416725159,64.0,5721.294145722616,5765.463943233455
grid_search,331,1,5.0,80.45148396492004,64.0,5475.955432546075,5515.217474777932
grid_search,332,7,5.0,92.0920889377594,64.0,5415.702459895054,5484.411033800804
grid_search,333,4,5.0,77.69717812538147,64.0,5702.885198187569,5756.870506256372
grid_search,334,2,6.0,71.76501893997192,64.0,5744.649001455038,5793.7265542448595
grid_search,335,2,4.0,85.08640003204346,64.0,5768.663562001042,5807.925604232899
grid_search,336,4,4.0,87.06731009483337,64.0,5492.479024947032,5541.556577736853
grid_search,337,6,7.0,79.50743198394775,64.0,5157.912938261507,5231.52926744624
grid_search,338,2,4.0,83.33629703521729,64.0,5459.216084024905,5498.478126256762
grid_search,339,2,4.0,84.31660985946655,64.0,5503.768433084314,5543.030475316171
grid_search,340,2,5.0,78.8837320804596,64.0,5430.410345704931,5474.5801432157705
grid_search,341,1,4.0,87.9265148639679,64.0,5621.686350410605,5656.04063736348
grid_search,342,1,4.0,86.60028600692749,64.0,5761.910483948418,5796.264770901293
grid_search,343,3,7.0,84.66213798522949,64.0,5489.673018400882,5548.566081748668
grid_search,344,2,6.0,87.30670309066772,64.0,5486.112677504737,5535.190230294558
grid_search,345,5,6.0,90.45455718040466,64.0,5654.145602972574,5717.946421599342
grid_search,346,4,4.0,83.7793869972229,64.0,5569.021390721538,5618.09894351136
grid_search,347,5,5.0,86.8385751247406,64.0,5468.562162911778,5527.4552262595635
grid_search,348,5,7.0,90.61029696464539,64.0,5601.456582350171,5670.165156255921
grid_search,349,1,5.0,74.40162396430969,64.0,5546.909382894206,5586.171425126063
grid_search,350,1,4.0,70.65341997146606,64.0,5680.435831077993,5714.790118030867
grid_search,351,6,4.0,85.03094482421875,64.0,5669.9689049627295,5728.861968310515
grid_search,352,5,4.0,99.18800806999207,64.0,5496.3293914299065,5550.31469949871
grid_search,353,3,7.0,82.87510299682617,64.0,5539.824420521287,5598.717483869073
grid_search,354,1,5.0,80.7161500453949,64.0,5520.926484746513,5560.18852697837
grid_search,355,1,5.0,74.55534291267395,64.0,5636.909758737622,5676.171800969479
grid_search,356,1,5.0,87.33219814300537,64.0,5887.1004387819385,5926.362481013795
grid_search,357,1,4.0,80.40585112571716,64.0,5410.817754805862,5445.172041758737
grid_search,358,1,4.0,80.42737889289856,64.0,5544.033723697842,5578.388010650717
grid_search,359,6,0.0,80.58704614639282,64.0,5710.878302617719,5750.140344849576
grid_search,360,1,4.0,75.19887590408325,64.0,5839.864230396326,5874.218517349201
grid_search,361,7,4.0,80.48114609718323,64.0,5507.118637422277,5570.919456049045
grid_search,362,1,5.0,81.62205195426941,64.0,5614.526476369371,5653.788518601228
grid_search,363,1,4.0,86.75155115127563,64.0,5496.749255654183,5531.1035426070575
grid_search,364,4,4.0,87.81253099441528,64.0,5572.535092716429,5621.61264550625
grid_search,365,6,0.0,81.12950801849365,64.0,5450.290648925186,5489.552691157043
grid_search,366,1,4.0,81.21847319602966,64.0,5420.825174015884,5455.179460968759
grid_search,367,5,6.0,85.29887795448303,64.0,5595.210661369572,5659.01147999634
grid_search,368,6,5.0,86.94325089454651,64.0,5500.332368562232,5564.133187189
grid_search,369,1,4.0,82.36471104621887,64.0,5668.144193899362,5702.498480852237
grid_search,370,1,4.0,76.71218013763428,64.0,5455.918128333803,5490.272415286678
grid_search,371,5,5.0,73.449392080307,64.0,5610.155081630318,5669.048144978104
grid_search,372,7,2.0,75.17026901245117,64.0,5669.692823927944,5723.678131996748
grid_search,373,7,1.0,90.65503692626953,64.0,5331.050925555828,5380.1284783456495
grid_search,374,5,7.0,88.73443102836609,64.0,5647.175782199232,5715.8843561049825
grid_search,375,7,2.0,87.56578993797302,64.0,5521.551644874348,5575.536952943152
grid_search,376,6,2.0,85.73314690589905,64.0,5557.013322330421,5606.090875120242
grid_search,377,4,5.0,79.86260485649109,64.0,5544.458296999774,5598.443605068577
grid_search,378,2,7.0,87.27649688720703,64.0,5490.455853464477,5544.44116153328
grid_search,379,7,5.0,82.20148801803589,64.0,5510.108856425577,5578.817430331327
grid_search,380,1,4.0,85.37589001655579,64.0,5486.372920573052,5520.727207525927
grid_search,381,2,4.0,78.90795707702637,64.0,5603.374092237134,5642.636134468991
grid_search,382,4,4.0,81.85840201377869,64.0,5429.005520081252,5478.083072871073
grid_search,383,2,4.0,82.19522619247437,64.0,5517.452310929136,5556.714353160993
grid_search,384,3,5.0,84.50976395606995,64.0,5726.734385310201,5775.811938100022
grid_search,385,1,4.0,88.36251521110535,64.0,5406.833233351052,5441.187520303926
grid_search,386,4,6.0,87.53007197380066,64.0,5498.973973789012,5557.867037136798
grid_search,387,1,5.0,80.41111993789673,64.0,5569.4412946954035,5608.70333692726
grid_search,388,6,5.0,79.35334610939026,64.0,5501.201347333493,5565.002165960261
grid_search,389,1,4.0,80.24746894836426,64.0,5680.955700143866,5715.309987096741
grid_search,390,5,5.0,83.22509288787842,64.0,5576.755344595756,5635.648407943541
grid_search,391,1,4.0,77.74070000648499,64.0,5923.474703802326,5957.828990755201
grid_search,392,7,6.0,82.37805795669556,64.0,5620.28544187764,5693.901771062372
grid_search,393,4,7.0,83.07051396369934,64.0,5631.994727681459,5695.795546308227
grid_search,394,1,5.0,69.33570909500122,64.0,5697.104453781626,5736.366496013483
grid_search,395,4,4.0,83.09806299209595,64.0,5717.623163598254,5766.700716388075
grid_search,396,1,5.0,83.10540699958801,64.0,5483.780926632451,5523.042968864308
grid_search,397,1,5.0,74.12563681602478,64.0,5771.869056897683,5811.1310991295395
grid_search,398,1,6.0,79.17678999900818,64.0,5601.344554254277,5645.514351765116
grid_search,399,2,6.0,79.1393039226532,64.0,5655.9001152323335,5704.977668022155
grid_search,400,4,5.0,78.11601400375366,64.0,5622.872272875798,5676.857580944602
grid_search,401,4,4.0,84.70255589485168,64.0,5479.958726958497,5529.0362797483185
grid_search,402,1,4.0,75.72435307502747,64.0,5748.28613453579,5782.640421488664
grid_search,403,1,4.0,73.18584203720093,64.0,5681.000216298567,5715.354503251441
grid_search,404,7,4.0,90.11424493789673,64.0,5602.425887109628,5666.226705736396
grid_search,405,1,4.0,94.14349007606506,64.0,5286.515066375045,5320.869353327919
grid_search,406,3,6.0,80.70632910728455,64.0,5448.29662357924,5502.281931648044
grid_search,407,4,5.0,81.30538487434387,64.0,5393.1867784860015,5447.172086554805
grid_search,408,2,4.0,89.22884798049927,64.0,5799.513626509413,5838.77566874127
grid_search,409,3,4.0,83.3002290725708,64.0,5442.598215608724,5486.768013119563
grid_search,410,1,4.0,78.20369601249695,64.0,5679.518158611376,5713.8724455642505
grid_search,411,1,4.0,81.57960104942322,64.0,5605.0224603045635,5639.376747257438
grid_search,412,3,7.0,78.12573504447937,64.0,5589.325892283526,5648.2189556313115
grid_search,413,2,6.0,84.90257716178894,64.0,5503.145285307253,5552.222838097075
grid_search,414,2,7.0,86.27223086357117,64.0,5597.289112962517,5651.27442103132
grid_search,415,2,6.0,84.23097395896912,64.0,5463.572125349585,5512.649678139406
grid_search,416,1,4.0,77.14507007598877,64.0,5635.158532107066,5669.512819059941
grid_search,417,1,4.0,98.45991015434265,64.0,5357.937462541138,5392.291749494013
grid_search,418,1,5.0,81.37076997756958,64.0,5508.83498757368,5548.097029805537
grid_search,419,7,4.0,81.39192795753479,64.0,5636.7954645259615,5700.5962831527295
grid_search,420,2,6.0,82.3888590335846,64.0,5306.762067174786,5355.839619964608
grid_search,421,1,6.0,87.70392894744873,64.0,5482.5920147638835,5526.761812274723
grid_search,422,6,7.0,76.42086291313171,64.0,5578.936274142952,5652.552603327685
grid_search,423,1,4.0,84.8482780456543,64.0,5706.318493139606,5740.672780092481
grid_search,424,1,4.0,74.79424214363098,64.0,5703.828228383501,5738.182515336375
grid_search,425,1,5.0,80.6188280582428,64.0,5743.5352415847565,5782.797283816613
grid_search,426,3,4.0,88.13021397590637,64.0,5646.333217315793,5690.503014826632
grid_search,427,1,5.0,80.12640500068665,64.0,5505.133616261383,5544.39565849324
grid_search,428,3,4.0,75.96437311172485,64.0,5986.145989092315,6030.315786603154
grid_search,429,5,5.0,84.18682909011841,64.0,5696.043888133549,5754.936951481335
grid_search,430,1,6.0,83.5570740699768,64.0,5762.983535458583,5807.153332969422
grid_search,431,2,6.0,84.00527501106262,64.0,5491.649928109601,5540.7274808994225
grid_search,432,1,6.0,69.53977704048157,64.0,5535.502921023005,5579.672718533844
grid_search,433,7,5.0,85.73996496200562,64.0,5591.161667071351,5659.870240977101
grid_search,434,5,6.0,70.5402410030365,64.0,5363.471317499291,5427.272136126059
grid_search,435,7,7.0,87.97792196273804,64.0,5539.910804093573,5618.434888557287
grid_search,436,1,4.0,78.34259796142578,64.0,5645.502875216754,5679.857162169628
grid_search,437,6,7.0,85.3458309173584,64.0,5374.762267434738,5448.37859661947
grid_search,438,1,5.0,86.43495798110962,64.0,5457.912798652719,5497.174840884576
grid_search,439,6,6.0,84.41784000396729,64.0,5420.034889230115,5488.743463135866
grid_search,440,3,4.0,83.30633783340454,64.0,5708.340287403381,5752.51008491422
grid_search,441,3,4.0,75.46475505828857,64.0,5583.607330836367,5627.777128347206
grid_search,442,2,6.0,80.79520201683044,64.0,5439.329918882397,5488.407471672218
grid_search,443,6,7.0,86.5933289527893,64.0,5659.839825336196,5733.456154520928
grid_search,444,2,4.0,78.82938504219055,64.0,5795.366496239499,5834.628538471356
grid_search,445,5,2.0,76.07294178009033,64.0,5908.506104921009,5952.675902431848
grid_search,446,5,4.0,82.91021203994751,64.0,5610.922136776311,5664.907444845115
grid_search,447,2,5.0,82.00074291229248,64.0,5563.185443399185,5607.355240910024
grid_search,448,5,4.0,78.9502649307251,64.0,5589.879642842628,5643.864950911431
grid_search,449,1,4.0,72.74857497215271,64.0,5755.4188399261675,5789.773126879042
grid_search,450,1,5.0,73.88004398345947,64.0,5569.590511709549,5608.852553941406
grid_search,451,2,4.0,77.79075789451599,64.0,5554.566718420249,5593.828760652106
grid_search,452,1,4.0,84.16608500480652,64.0,5617.072197482579,5651.426484435454
grid_search,453,1,4.0,80.27762413024902,64.0,5611.432093841849,5645.786380794723
grid_search,454,6,7.0,76.53876996040344,64.0,5203.148169940086,5276.764499124818
grid_search,455,1,4.0,84.2813789844513,64.0,5497.430934147712,5531.785221100587
grid_search,456,2,6.0,86.87991690635681,64.0,5441.191235642058,5490.268788431879
grid_search,457,1,5.0,95.6596028804779,64.0,5486.091233054978,5525.353275286835
grid_search,458,2,6.0,81.298269033432,64.0,5715.7355079834715,5764.813060773293
grid_search,459,1,4.0,83.32721209526062,64.0,5591.042624275762,5625.396911228637
grid_search,460,1,6.0,79.97018384933472,64.0,5650.814007686786,5694.983805197625
grid_search,461,3,4.0,80.07070994377136,64.0,5742.289789170674,5786.459586681513
grid_search,462,5,7.0,80.09784507751465,64.0,5629.340726473981,5698.049300379731
grid_search,463,1,4.0,80.14205312728882,64.0,5598.356826358142,5632.711113311017
grid_search,464,2,6.0,85.50412511825562,64.0,5445.704074786728,5494.781627576549
grid_search,465,6,7.0,78.39567399024963,64.0,5522.274477612821,5595.8908067975535
grid_search,466,7,6.0,81.52626490592957,64.0,5487.313775378072,5560.930104562804
grid_search,467,5,1.0,82.4137167930603,64.0,5955.774913589249,5995.036955821106
grid_search,468,4,7.0,110.54725289344788,64.0,5729.352836085356,5793.153654712124
grid_search,469,1,6.0,79.27762818336487,64.0,5632.182209908738,5676.352007419577
grid_search,470,3,6.0,77.40653204917908,64.0,5382.891039631816,5436.87634770062
grid_search,471,1,4.0,84.98387789726257,64.0,5586.47164876996,5620.825935722834
grid_search,472,2,5.0,84.6236310005188,64.0,5626.64369093649,5670.813488447329
grid_search,473,1,6.0,78.87259316444397,64.0,5486.034444197147,5530.2042417079865
grid_search,474,1,4.0,85.36018896102905,64.0,5542.78704215766,5577.141329110535
grid_search,475,1,6.0,83.07025814056396,64.0,5457.094845877236,5501.2646433880755
grid_search,476,6,5.0,84.14113712310791,64.0,5502.80654348323,5566.607362109998
grid_search,477,4,7.0,86.46838903427124,64.0,5315.164139631216,5378.964958257984
grid_search,478,6,6.0,84.07267689704895,64.0,5466.231080964611,5534.939654870361
grid_search,479,1,5.0,77.95092391967773,64.0,5695.938239000835,5735.200281232692
grid_search,480,1,4.0,83.10672807693481,64.0,5509.140547157715,5543.49483411059
grid_search,481,7,2.0,90.20020198822021,64.0,5483.2751814465355,5537.260489515339
grid_search,482,6,7.0,76.46242594718933,64.0,5678.344873712397,5751.96120289713
grid_search,483,1,4.0,81.0348961353302,64.0,5425.747490488396,5460.10177744127
grid_search,484,6,0.0,83.58294320106506,64.0,5579.212514754615,5618.474556986472
grid_search,485,1,5.0,82.99948906898499,64.0,5532.638852772367,5571.9008950042235
grid_search,486,1,6.0,80.1399929523468,64.0,5368.897042550077,5413.066840060916
grid_search,487,7,1.0,83.02189016342163,64.0,5644.851812855228,5693.929365645049
grid_search,488,3,5.0,85.37414598464966,64.0,5600.55636012581,5649.633912915631
grid_search,489,5,5.0,83.8979480266571,64.0,5603.006145025337,5661.899208373123
grid_search,490,1,5.0,78.22281002998352,64.0,5385.045708436421,5424.307750668278
grid_search,491,3,4.0,83.237065076828,64.0,5666.644092180279,5710.813889691118
grid_search,492,4,4.0,89.453449010849,64.0,5489.120977838554,5538.198530628375
grid_search,493,1,4.0,79.87272095680237,64.0,5507.165764325345,5541.520051278219
grid_search,494,1,4.0,76.3937919139862,64.0,5568.950955439355,5603.30524239223
grid_search,495,6,0.0,72.8591799736023,64.0,5590.029605378227,5629.291647610084
grid_search,496,6,7.0,80.34696102142334,64.0,5565.979794760995,5639.596123945727
grid_search,497,5,5.0,82.16842412948608,64.0,5727.432178277306,5786.325241625092
grid_search,498,6,5.0,83.44670104980469,64.0,5482.358459414273,5546.159278041041
grid_search,499,3,6.0,77.41373491287231,64.0,5622.228864429543,5676.214172498347
grid_search,500,4,4.0,83.61053800582886,64.0,5614.406002063191,5663.483554853013
grid_search,501,1,5.0,82.03471803665161,64.0,5557.915682417232,5597.177724649089
grid_search,502,1,5.0,87.32802104949951,64.0,5491.526097210145,5530.788139442002
grid_search,503,4,6.0,76.79699397087097,64.0,5463.524047605625,5522.417110953411
grid_search,504,7,1.0,108.80081582069397,64.0,5570.938771653343,5620.016324443164
grid_search,505,1,4.0,82.89986205101013,64.0,5478.917286691637,5513.271573644512
grid_search,506,1,5.0,74.86312007904053,64.0,5633.599106481374,5672.861148713231
grid_search,507,5,7.0,77.53085899353027,64.0,5595.41218503003,5664.12075893578
grid_search,508,2,4.0,84.62455415725708,64.0,5556.189521402602,5595.451563634459
grid_search,509,2,6.0,87.73092293739319,64.0,5694.067347350599,5743.144900140421
grid_search,510,3,4.0,84.90727090835571,64.0,5543.318751266159,5587.488548776998
grid_search,511,3,4.0,82.12053894996643,64.0,5555.318070430715,5599.487867941554
grid_search,512,1,4.0,82.8347909450531,64.0,5463.804299052125,5498.158586005
grid_search,513,2,4.0,85.89416098594666,64.0,5515.06888141545,5554.330923647307
grid_search,514,2,4.0,83.60042595863342,64.0,5615.407614505814,5654.669656737671
grid_search,515,3,4.0,82.61004614830017,64.0,5640.943163009731,5685.11296052057
grid_search,516,1,6.0,80.46800804138184,64.0,5717.225940915509,5761.3957384263485
grid_search,517,7,3.0,75.14641094207764,64.0,5414.542811694166,5473.4358750419515
grid_search,518,5,5.0,87.15642094612122,64.0,5698.8064873176645,5757.69955066545
grid_search,519,1,4.0,81.85080790519714,64.0,5620.801513625955,5655.155800578829
grid_search,520,1,5.0,82.31169390678406,64.0,5415.714342164269,5454.9763843961255
grid_search,521,1,4.0,85.18374586105347,64.0,5539.074035873748,5573.428322826622
grid_search,522,1,5.0,81.9901819229126,64.0,5946.486041357324,5985.748083589181
grid_search,523,5,2.0,88.45132780075073,64.0,5679.814416987091,5723.98421449793
grid_search,524,1,4.0,85.47794699668884,64.0,5483.06549885746,5517.419785810334
grid_search,525,1,4.0,82.31320905685425,64.0,5416.711782886676,5451.06606983955
grid_search,526,3,4.0,80.45336699485779,64.0,5566.33237062793,5610.502168138769
grid_search,527,1,4.0,78.44501900672913,64.0,5680.323830182746,5714.678117135621
grid_search,528,4,5.0,89.28240394592285,64.0,5583.479653529008,5637.464961597811
grid_search,529,2,6.0,84.98669695854187,64.0,5490.151030716837,5539.228583506659
grid_search,530,7,0.0,76.12750697135925,64.0,5438.563412632952,5482.733210143791
grid_search,531,4,4.0,87.52893614768982,64.0,5592.2773602155885,5641.35491300541
grid_search,532,6,0.0,79.6698009967804,64.0,5692.87159689704,5732.133639128897
grid_search,533,6,2.0,79.46616697311401,64.0,5724.75971687601,5773.837269665832
grid_search,534,4,5.0,79.99827885627747,64.0,5779.924961043669,5833.910269112473
grid_search,535,6,0.0,73.30863904953003,64.0,5465.466064118012,5504.7281063498685
grid_search,536,1,4.0,82.02012014389038,64.0,5430.710608407915,5465.06489536079
grid_search,537,3,4.0,84.61185693740845,64.0,5638.455278647741,5682.62507615858
grid_search,538,7,3.0,79.43903589248657,64.0,5361.376206282597,5420.269269630383
grid_search,539,7,2.0,75.43029403686523,64.0,5685.583033736549,5739.568341805352
grid_search,540,1,4.0,80.63785195350647,64.0,5736.411755860429,5770.766042813304
grid_search,541,1,5.0,81.80843997001648,64.0,5671.714164401218,5710.976206633075
grid_search,542,1,5.0,83.20839595794678,64.0,5566.015167672736,5605.277209904593
grid_search,543,1,5.0,81.7135579586029,64.0,5682.424601796343,5721.6866440282
grid_search,544,3,4.0,79.5543692111969,64.0,5818.950410822942,5863.120208333781
grid_search,545,2,6.0,79.46668291091919,64.0,5450.327965678317,5499.405518468138
grid_search,546,6,2.0,78.55558800697327,64.0,5661.4037976077425,5710.481350397564
grid_search,547,3,4.0,83.80687117576599,64.0,5441.276900631874,5485.446698142713
grid_search,548,5,4.0,78.50662207603455,64.0,5482.474961670379,5536.460269739183
grid_search,549,5,6.0,88.35807991027832,64.0,5708.918562471924,5772.719381098692
grid_search,550,4,4.0,81.42348504066467,64.0,5467.605225744855,5516.682778534676
grid_search,551,7,0.0,87.13570618629456,64.0,5738.867238750351,5783.03703626119
grid_search,552,3,4.0,81.86037707328796,64.0,5587.55882031382,5631.7286178246595
grid_search,553,7,6.0,74.65589094161987,64.0,5803.472756155462,5877.089085340194
grid_search,554,1,4.0,82.44389510154724,64.0,5498.17827933201,5532.5325662848845
grid_search,555,2,4.0,85.92245292663574,64.0,5412.350873018286,5451.612915250143
grid_search,556,6,7.0,85.93914413452148,64.0,5572.814463538038,5646.43079272277
grid_search,557,1,4.0,75.60635805130005,64.0,5549.787876152461,5584.142163105335
grid_search,558,5,5.0,80.25352382659912,64.0,5760.246161735242,5819.139225083028
grid_search,559,6,5.0,84.29224395751953,64.0,5494.9161492547355,5558.7169678815035
grid_search,560,7,6.0,85.12659692764282,64.0,5502.145437697189,5575.761766881921
grid_search,561,2,5.0,82.20592498779297,64.0,5649.085195632853,5693.254993143692
grid_search,562,3,6.0,86.34190917015076,64.0,5516.342887276548,5570.328195345352
grid_search,563,2,4.0,84.60515999794006,64.0,5307.549265558637,5346.811307790494
grid_search,564,4,4.0,80.1359531879425,64.0,5525.828667768276,5574.906220558098
grid_search,565,6,0.0,74.39486193656921,64.0,5595.042186863187,5634.304229095044
grid_search,566,1,5.0,81.66214895248413,64.0,5560.585898028319,5599.847940260176
grid_search,567,5,7.0,82.1245698928833,64.0,5544.158279495007,5612.8668534007575
grid_search,568,5,4.0,77.17200994491577,64.0,5441.722625360096,5495.707933428899
grid_search,569,6,5.0,81.50043606758118,64.0,5531.268918314659,5595.0697369414265
grid_search,570,6,7.0,87.1965720653534,64.0,5510.794746326968,5584.411075511701
grid_search,571,7,6.0,83.34000182151794,64.0,5748.871523274147,5822.487852458879
grid_search,572,4,4.0,78.61414194107056,64.0,5583.301356593811,5632.378909383632
grid_search,573,5,5.0,84.38994002342224,64.0,5572.459334283756,5631.352397631542
grid_search,574,1,4.0,78.51082706451416,64.0,5814.820592460841,5849.174879413716
grid_search,575,2,4.0,83.38274192810059,64.0,5499.1990586804,5538.461100912257
grid_search,576,1,5.0,79.0509660243988,64.0,5694.9840325152445,5734.246074747101
grid_search,577,6,6.0,82.93318700790405,64.0,5833.755353150095,5902.4639270558455
grid_search,578,1,4.0,86.08672094345093,64.0,5637.644612154251,5671.998899107126
grid_search,579,3,5.0,86.55404806137085,64.0,5561.402109095262,5610.479661885083
grid_search,580,1,4.0,93.99443888664246,64.0,5588.570579761781,5622.924866714656
grid_search,581,1,4.0,79.41607403755188,64.0,5493.314196321583,5527.668483274458
grid_search,582,1,4.0,87.31932020187378,64.0,5722.456778541113,5756.811065493987
grid_search,583,1,5.0,81.83097410202026,64.0,5486.722073156217,5525.984115388074
grid_search,584,5,7.0,81.53293704986572,64.0,5859.905335156694,5928.613909062444
grid_search,585,6,6.0,80.44164109230042,64.0,5625.653361417266,5694.361935323016
grid_search,586,3,4.0,96.00779795646667,64.0,5724.308491765626,5768.478289276465
grid_search,587,4,4.0,95.97756505012512,64.0,5394.641912839723,5443.719465629544
grid_search,588,1,4.0,81.08302092552185,64.0,5662.55218006614,5696.906467019015
grid_search,589,6,7.0,87.80437302589417,64.0,5475.399320456975,5549.015649641708
grid_search,590,1,4.0,83.98366093635559,64.0,5686.777497018706,5721.13178397158
grid_search,591,2,4.0,79.31215310096741,64.0,5774.018737318487,5813.280779550344
grid_search,592,1,4.0,78.16563892364502,64.0,5602.240004780663,5636.594291733538
grid_search,593,4,4.0,89.74228310585022,64.0,5623.388803928458,5672.46635671828
grid_search,594,3,5.0,79.80655884742737,64.0,5513.335645064983,5562.413197854804
grid_search,595,4,6.0,88.18409490585327,64.0,5640.870293374105,5699.763356721891
grid_search,596,3,5.0,96.22937607765198,64.0,5442.751989018885,5491.829541808706
grid_search,597,6,6.0,95.37078404426575,64.0,5578.767879877686,5647.476453783436
grid_search,598,3,6.0,96.44206809997559,64.0,5415.633430558347,5469.61873862715
grid_search,599,6,7.0,92.01589012145996,64.0,5651.298754899067,5724.915084083799
grid_search,600,4,7.0,88.7305018901825,64.0,5661.352357668149,5725.153176294917
grid_search,601,6,4.0,91.39732599258423,64.0,5484.276054628867,5543.169117976653
grid_search,602,7,2.0,79.0212390422821,64.0,5580.946079225425,5634.931387294228
grid_search,603,1,4.0,83.6003360748291,64.0,5649.547059381992,5683.9013463348665
grid_search,604,1,5.0,85.96824908256531,64.0,5407.638184671311,5446.900226903168
grid_search,605,7,4.0,86.59930896759033,64.0,5660.658231194082,5724.45904982085
grid_search,606,1,4.0,81.82373595237732,64.0,5831.109412597362,5865.463699550237
grid_search,607,2,4.0,127.13885307312012,64.0,5551.0151937041055,5590.277235935962
grid_search,608,4,7.0,112.51437902450562,64.0,5412.9728479697515,5476.773666596519
grid_search,609,2,4.0,88.34404993057251,64.0,5617.778847875656,5657.0408901075125
grid_search,610,5,4.0,96.05991506576538,64.0,5501.02344641501,5555.008754483813
grid_search,611,5,2.0,82.69099807739258,64.0,5685.517154538529,5729.686952049368
grid_search,612,1,4.0,86.9352638721466,64.0,5547.885870139829,5582.240157092704
grid_search,613,1,7.0,88.0554039478302,64.0,5572.932467822852,5622.0100206126735
grid_search,614,1,7.0,74.0933940410614,64.0,5626.147689038638,5675.22524182846
grid_search,615,7,5.0,86.14402985572815,64.0,5437.697271896164,5506.405845801914
grid_search,616,1,5.0,84.46200394630432,64.0,5642.939108777132,5682.201151008989
grid_search,617,7,4.0,76.90066599845886,64.0,5685.509778631394,5749.310597258162
grid_search,618,5,5.0,81.73966407775879,64.0,5684.879271946172,5743.772335293957
grid_search,619,2,6.0,84.7027440071106,64.0,5623.826265049636,5672.903817839458
grid_search,620,1,5.0,81.11554980278015,64.0,5547.512022150042,5586.774064381899
grid_search,621,3,4.0,86.95760488510132,64.0,5657.793855576071,5701.96365308691
grid_search,622,1,6.0,78.8925940990448,64.0,5578.665331062489,5622.835128573328
grid_search,623,4,4.0,90.07854890823364,64.0,5503.2231415383385,5552.30069432816
grid_search,624,3,4.0,78.255686044693,64.0,5459.657780406632,5503.827577917471
grid_search,625,1,4.0,88.18144512176514,64.0,5350.190822088258,5384.5451090411325
grid_search,626,4,5.0,92.08434009552002,64.0,5533.715245330465,5587.700553399269
grid_search,627,6,6.0,83.6933810710907,64.0,5482.193282246724,5550.9018561524745
grid_search,628,1,4.0,87.36720395088196,64.0,5492.655349138948,5527.009636091822
grid_search,629,1,4.0,78.05067777633667,64.0,5579.279323341207,5613.633610294081
grid_search,630,5,6.0,88.60563588142395,64.0,5459.590550317411,5523.391368944179
grid_search,631,7,4.0,77.87366819381714,64.0,5692.958109733519,5756.758928360287
grid_search,632,2,6.0,83.5529990196228,64.0,5551.143933146,5600.221485935821
grid_search,633,7,6.0,79.86901593208313,64.0,5508.211556556587,5581.82788574132
grid_search,634,1,4.0,90.1388680934906,64.0,5342.445636081068,5376.799923033943
grid_search,635,5,3.0,81.53030586242676,64.0,5552.911692409572,5601.989245199394
grid_search,636,1,5.0,77.06096196174622,64.0,5491.32931689515,5530.591359127007
grid_search,637,3,4.0,84.77301907539368,64.0,5999.674907681208,6043.8447051920475
grid_search,638,4,7.0,87.90568685531616,64.0,5579.6925853109615,5643.493403937729
grid_search,639,1,4.0,88.31781005859375,64.0,5368.9851684832165,5403.339455436091
grid_search,640,1,7.0,80.68426704406738,64.0,5544.666052150115,5593.743604939937
grid_search,641,1,4.0,84.6613130569458,64.0,5301.114727152247,5335.4690141051215
grid_search,642,1,4.0,72.59170603752136,64.0,5563.390461771275,5597.74474872415
grid_search,643,7,0.0,70.91208291053772,64.0,5583.97825468125,5628.148052192089
grid_search,644,4,4.0,88.02736902236938,64.0,5633.766772574876,5682.844325364697
grid_search,645,7,5.0,77.1874327659607,64.0,5485.479730858179,5554.188304763929
grid_search,646,3,4.0,84.8065779209137,64.0,5523.367891119193,5567.537688630032
grid_search,647,1,5.0,80.25316190719604,64.0,5728.6643644790365,5767.926406710893
grid_search,648,1,4.0,85.99547600746155,64.0,5387.703707696373,5422.057994649248
grid_search,649,1,4.0,79.88568115234375,64.0,5655.578634464193,5689.9329214170675
grid_search,650,4,4.0,89.81037783622742,64.0,5464.938571026466,5514.016123816287
grid_search,651,5,2.0,92.14882588386536,64.0,5636.84169852073,5681.011496031569
grid_search,652,2,7.0,99.30644702911377,64.0,5640.007550356569,5693.992858425372
grid_search,653,3,4.0,93.1910331249237,64.0,5571.894961095265,5616.064758606104
grid_search,654,4,6.0,91.12870287895203,64.0,5694.204289895326,5753.097353243112
grid_search,655,5,2.0,85.0175449848175,64.0,5426.474973108006,5470.6447706188455
grid_search,656,1,4.0,82.98030686378479,64.0,5663.92860364058,5698.282890593455
grid_search,657,7,5.0,93.28160905838013,64.0,5562.340754394808,5631.049328300558
grid_search,658,1,5.0,74.72971677780151,64.0,5728.250927168071,5767.512969399928
grid_search,659,4,4.0,89.13280296325684,64.0,5534.094508920002,5583.1720617098235
grid_search,660,7,0.0,76.88330698013306,64.0,5593.641243001147,5637.811040511986
grid_search,661,1,6.0,80.06532406806946,64.0,5469.467956098168,5513.637753609007
grid_search,662,4,5.0,87.50907516479492,64.0,5574.917683526283,5628.902991595087
grid_search,663,1,5.0,85.12817692756653,64.0,5688.072103527826,5727.3341457596825
grid_search,664,1,5.0,76.88216876983643,64.0,5597.098441010895,5636.360483242752
grid_search,665,6,5.0,80.72357201576233,64.0,5628.049081886042,5691.84990051281
grid_search,666,1,4.0,86.58434200286865,64.0,5588.530189609642,5622.884476562516
grid_search,667,6,7.0,91.6513102054596,64.0,5689.338908881101,5762.955238065833
grid_search,668,3,6.0,82.0163881778717,64.0,5863.0955936037635,5917.080901672567
grid_search,669,1,5.0,89.85280799865723,64.0,5857.500683874614,5896.762726106471
grid_search,670,1,5.0,89.00510096549988,64.0,5475.359785266502,5514.6218274983585
grid_search,671,2,4.0,96.83334708213806,64.0,5548.046591884465,5587.308634116322
grid_search,672,2,4.0,75.8801679611206,64.0,5689.250220937638,5728.512263169495
grid_search,673,1,4.0,87.44131684303284,64.0,5597.22116413639,5631.575451089265
grid_search,674,2,7.0,87.39798402786255,64.0,5627.242490650957,5681.22779871976
grid_search,675,1,7.0,78.08054804801941,64.0,5804.107291146606,5853.184843936428
grid_search,676,1,5.0,92.26977801322937,64.0,5495.000150212327,5534.262192444184
grid_search,677,2,5.0,81.15154099464417,64.0,5559.06027426914,5603.230071779979
grid_search,678,1,4.0,86.55317783355713,64.0,5379.29417224523,5413.648459198104
grid_search,679,5,6.0,99.43840098381042,64.0,5390.570720436505,5454.371539063273
grid_search,680,1,4.0,100.07120299339294,64.0,5620.684241339549,5655.0385282924235
grid_search,681,1,5.0,90.00803685188293,64.0,5576.887841837989,5616.149884069846
grid_search,682,1,4.0,88.82832789421082,64.0,5603.0472442738655,5637.40153122674
grid_search,683,2,6.0,94.5415198802948,64.0,5544.115918466285,5593.193471256106
grid_search,684,1,5.0,83.39190292358398,64.0,5484.132071326864,5523.394113558721
grid_search,685,3,7.0,78.92441010475159,64.0,5567.940663406572,5626.8337267543575
grid_search,686,7,2.0,83.32461595535278,64.0,5647.381420908215,5701.366728977018
grid_search,687,1,5.0,91.78473401069641,64.0,5570.248840741653,5609.51088297351
grid_search,688,5,7.0,83.49605011940002,64.0,5690.700045726394,5759.408619632144
grid_search,689,4,7.0,97.29887294769287,64.0,5704.6395586720055,5768.4403772987735
grid_search,690,1,4.0,81.8562879562378,64.0,5741.926628868394,5776.2809158212685
grid_search,691,3,7.0,80.19972205162048,64.0,5487.919791720348,5546.812855068134
grid_search,692,4,7.0,86.22755599021912,64.0,5585.487892609937,5649.288711236705
grid_search,693,5,6.0,74.092111825943,64.0,5527.41095138519,5591.211770011958
grid_search,694,2,5.0,87.96871995925903,64.0,5774.881648561717,5819.051446072556
grid_search,695,2,5.0,88.97121715545654,64.0,5562.336990756273,5606.506788267112
grid_search,696,6,4.0,90.27834010124207,64.0,5539.211684410372,5598.104747758158
grid_search,697,1,4.0,89.57613205909729,64.0,5638.441069340555,5672.79535629343
grid_search,698,2,5.0,87.9832980632782,64.0,5513.4242551398565,5557.594052650696
grid_search,699,4,6.0,86.99137806892395,64.0,5796.187504915715,5855.080568263501
grid_search,700,3,5.0,71.38818001747131,64.0,5630.973218904154,5680.050771693976
grid_search,701,7,7.0,84.88275003433228,64.0,5692.406193040036,5770.93027750375
grid_search,702,1,5.0,77.14186811447144,64.0,5632.803237890944,5672.065280122801
grid_search,703,2,5.0,76.09345388412476,64.0,5724.2752025309055,5768.445000041745
grid_search,704,7,3.0,71.49136185646057,64.0,5528.370164488027,5587.263227835812
grid_search,705,2,5.0,80.87368488311768,64.0,5487.390919378227,5531.5607168890665
grid_search,706,2,5.0,87.33639812469482,64.0,5496.107351796974,5540.2771493078135
grid_search,707,1,4.0,80.99089789390564,64.0,5637.606435031587,5671.960721984462
grid_search,708,1,5.0,78.84850215911865,64.0,5650.502576552549,5689.764618784406
grid_search,709,1,5.0,79.43396210670471,64.0,5588.67658752758,5627.9386297594365
grid_search,710,7,6.0,82.08944702148438,64.0,5683.937692554068,5757.554021738801
grid_search,711,4,4.0,91.08009719848633,64.0,5450.205075486412,5499.2826282762335
grid_search,712,5,4.0,88.76198697090149,64.0,5625.327363265277,5679.312671334081
grid_search,713,3,6.0,80.59389996528625,64.0,5547.628551958275,5601.613860027079
grid_search,714,5,7.0,82.34167313575745,64.0,5546.561786709089,5615.270360614839
grid_search,715,4,4.0,80.08039689064026,64.0,5594.8172211398105,5643.894773929632
grid_search,716,2,5.0,79.53207588195801,64.0,5764.53283342844,5808.7026309392795
grid_search,717,2,4.0,85.14139604568481,64.0,5584.319816997365,5623.581859229222
grid_search,718,1,7.0,82.97416996955872,64.0,5417.400604516291,5466.478157306113
grid_search,719,4,5.0,78.31963396072388,64.0,5791.154580496006,5845.13988856481
grid_search,720,6,0.0,82.45732712745667,64.0,5433.819077110555,5473.0811193424115
grid_search,721,6,5.0,85.46281909942627,64.0,5429.4592129695775,5493.2600315963455
grid_search,722,5,6.0,81.59457206726074,64.0,5691.8009752848475,5755.6017939116155
grid_search,723,5,7.0,89.53636384010315,64.0,5386.089702146398,5454.798276052148
grid_search,724,1,5.0,79.96969819068909,64.0,5608.777723861809,5648.039766093666
grid_search,725,1,5.0,80.3923819065094,64.0,5546.099864722845,5585.361906954702
grid_search,726,1,5.0,90.65035700798035,64.0,5508.602614177877,5547.8646564097335
grid_search,727,7,6.0,86.64331912994385,64.0,5478.569705719734,5552.186034904466
grid_search,728,5,6.0,75.27205109596252,64.0,5506.799038452469,5570.599857079237
grid_search,729,6,7.0,81.1109709739685,64.0,5615.372473604892,5688.988802789624
grid_search,730,3,4.0,76.68974804878235,64.0,5619.117076856388,5663.286874367227
grid_search,731,7,5.0,94.52378106117249,64.0,5501.3061918341955,5570.014765739946
grid_search,732,1,4.0,77.77980899810791,64.0,5620.977732319818,5655.332019272692
grid_search,733,1,5.0,86.80863404273987,64.0,5527.829690602154,5567.091732834011
grid_search,734,1,5.0,82.99929213523865,64.0,5611.733863672225,5650.995905904082
grid_search,735,1,6.0,76.90093088150024,64.0,5431.979954323898,5476.149751834737
grid_search,736,1,4.0,79.11401200294495,64.0,5375.912860592463,5410.267147545338
grid_search,737,4,6.0,85.64163398742676,64.0,5535.817497776037,5594.710561123823
grid_search,738,5,6.0,91.75952005386353,64.0,5681.772895838867,5745.573714465635
grid_search,739,5,5.0,84.39755606651306,64.0,5528.951666402356,5587.844729750142
grid_search,740,6,7.0,79.55982899665833,64.0,5578.988500180021,5652.604829364754
grid_search,741,1,4.0,80.50652408599854,64.0,5741.864560766937,5776.2188477198115
grid_search,742,1,4.0,74.09587383270264,64.0,5770.502199560974,5804.856486513849
grid_search,743,7,4.0,79.56733107566833,64.0,5653.013152191166,5716.813970817934
grid_search,744,1,7.0,72.82752394676208,64.0,5670.619451589439,5719.697004379261
grid_search,745,6,0.0,80.43018388748169,64.0,5642.453511586828,5681.715553818685
grid_search,746,1,7.0,76.47276782989502,64.0,5766.105658895936,5815.183211685758
grid_search,747,1,5.0,73.15049290657043,64.0,5615.629969604743,5654.8920118365995
grid_search,748,2,3.0,81.82893800735474,64.0,5655.674653049726,5690.0289400026
grid_search,749,1,4.0,78.80771207809448,64.0,5696.383027105702,5730.737314058577
grid_search,750,5,7.0,75.44813895225525,64.0,5599.767444930633,5668.476018836383
grid_search,751,2,4.0,92.29290986061096,64.0,5566.846567535023,5606.108609766879
grid_search,752,5,2.0,81.53438305854797,64.0,5864.8456417881625,5909.015439299002
grid_search,753,5,2.0,89.96737098693848,64.0,5623.171639418277,5667.341436929116
grid_search,754,6,5.0,80.12494087219238,64.0,5562.262227968434,5626.063046595202
grid_search,755,1,4.0,79.60314607620239,64.0,5548.788763557144,5583.143050510019
grid_search,756,1,5.0,76.00162601470947,64.0,5617.441388389434,5656.703430621291
grid_search,757,1,4.0,83.69433188438416,64.0,5338.29220967826,5372.646496631135
grid_search,758,7,6.0,97.02224802970886,64.0,5418.163130575224,5491.779459759957
grid_search,759,1,4.0,81.9507269859314,64.0,5627.339111797711,5661.693398750585
grid_search,760,5,7.0,75.35335493087769,64.0,5297.086064452263,5365.794638358013
grid_search,761,1,5.0,76.79949593544006,64.0,5840.433728914797,5879.695771146654
grid_search,762,1,5.0,83.77775406837463,64.0,5460.961806573587,5500.223848805444
grid_search,763,1,5.0,78.89426302909851,64.0,5679.936879359246,5719.198921591103
grid_search,764,1,4.0,82.90911197662354,64.0,5262.8094330944805,5297.163720047355
grid_search,765,7,0.0,78.150062084198,64.0,5650.397065314659,5694.566862825498
grid_search,766,4,7.0,83.99838495254517,64.0,5569.813271104204,5633.614089730972
grid_search,767,1,4.0,88.41707611083984,64.0,5487.037064260134,5521.391351213008
grid_search,768,4,7.0,84.24519395828247,64.0,5692.357287299958,5756.158105926726
grid_search,769,5,5.0,75.66375303268433,64.0,5523.370046888708,5582.263110236494
grid_search,770,6,0.0,73.61019110679626,64.0,5748.417470865633,5787.67951309749
grid_search,771,7,3.0,81.23583006858826,64.0,5733.211936381509,5792.104999729295
grid_search,772,2,4.0,75.05509519577026,64.0,5663.672955374988,5702.934997606845
grid_search,773,1,4.0,83.71296906471252,64.0,5558.502579953892,5592.856866906766
grid_search,774,7,6.0,86.95235013961792,64.0,5381.027972954692,5454.644302139424
grid_search,775,6,5.0,90.2525749206543,64.0,5604.500640169552,5668.30145879632
grid_search,776,6,2.0,77.85543012619019,64.0,5573.765239200067,5622.842791989889
grid_search,777,2,5.0,82.11088991165161,64.0,5485.772571173163,5529.942368684002
grid_search,778,4,4.0,74.62899589538574,64.0,5452.449305983507,5501.526858773328
grid_search,779,7,4.0,83.80129194259644,64.0,5541.828596439704,5605.629415066472
grid_search,780,1,7.0,78.65446591377258,64.0,5515.003669714576,5564.081222504397
grid_search,781,5,5.0,83.34164881706238,64.0,5758.869981152752,5817.763044500538
grid_search,782,4,5.0,78.06935596466064,64.0,5786.726642472549,5840.711950541353
grid_search,783,6,5.0,83.78625297546387,64.0,5531.697830824359,5595.498649451127
grid_search,784,3,6.0,88.42071890830994,64.0,5451.195373595012,5505.180681663815
grid_search,785,2,5.0,82.13576602935791,64.0,5342.519182968145,5386.688980478984
grid_search,786,1,5.0,75.43256306648254,64.0,5727.723264938913,5766.98530717077
grid_search,787,1,4.0,81.46436595916748,64.0,5552.74807340031,5587.102360353185
grid_search,788,1,5.0,79.0282199382782,64.0,5593.156076321622,5632.418118553479
grid_search,789,1,4.0,74.3907458782196,64.0,5606.797358546904,5641.151645499779
grid_search,790,6,2.0,85.9515528678894,64.0,5478.256994578372,5527.334547368193
grid_search,791,1,5.0,73.6519730091095,64.0,5532.872118029388,5572.134160261245
grid_search,792,3,6.0,78.25288796424866,64.0,5384.693020181876,5438.678328250679
grid_search,793,1,5.0,80.64461302757263,64.0,5641.343850945212,5680.6058931770685
grid_search,794,4,5.0,79.76718497276306,64.0,5681.821890025417,5735.80719809422
grid_search,795,1,4.0,81.56851482391357,64.0,5666.7355501237,5701.089837076574
grid_search,796,1,4.0,83.09739685058594,64.0,5519.731108715468,5554.085395668342
grid_search,797,1,4.0,77.95113492012024,64.0,5569.733109556126,5604.087396509
grid_search,798,1,5.0,84.07889008522034,64.0,5617.142562430979,5656.4046046628355
grid_search,799,1,4.0,77.03150987625122,64.0,5427.956949755709,5462.311236708583
grid_search,800,1,5.0,82.5932240486145,64.0,5487.142783154301,5526.404825386157
grid_search,801,1,4.0,84.60749411582947,64.0,5582.387332235938,5616.741619188812
grid_search,802,3,6.0,95.1623260974884,64.0,5355.9552183374835,5409.940526406287
grid_search,803,5,5.0,88.11690092086792,64.0,5501.513074238935,5560.40613758672
grid_search,804,6,7.0,87.53581809997559,64.0,5636.184895077386,5709.801224262118
grid_search,805,1,4.0,79.99242901802063,64.0,5426.184024962112,5460.5383119149865
grid_search,806,5,4.0,77.13243198394775,64.0,5437.150398200236,5491.1357062690395
grid_search,807,2,5.0,87.01468110084534,64.0,5607.406008083228,5651.575805594067
grid_search,808,5,7.0,82.7185571193695,64.0,5559.635176570038,5628.3437504757885
grid_search,809,2,5.0,75.94397711753845,64.0,5699.938403889234,5744.108201400073
grid_search,810,1,4.0,76.03326201438904,64.0,5618.96804664921,5653.322333602085
grid_search,811,1,4.0,74.80364680290222,64.0,5626.447756255395,5660.802043208269
grid_search,812,5,7.0,87.16355013847351,64.0,5319.0148935881525,5387.723467493903
grid_search,813,1,4.0,80.5708692073822,64.0,5443.2797451633805,5477.634032116255
grid_search,814,5,7.0,77.2346601486206,64.0,5414.81266540695,5483.5212393127
grid_search,815,1,4.0,79.51336622238159,64.0,5691.242378058346,5725.5966650112205
grid_search,816,1,4.0,75.8207950592041,64.0,5507.888798173717,5542.243085126592
grid_search,817,1,4.0,86.07166600227356,64.0,5599.786658659542,5634.1409456124165
grid_search,818,6,7.0,81.61785888671875,64.0,5562.195279169408,5635.811608354141
grid_search,819,2,7.0,84.26921796798706,64.0,5586.329482074852,5640.314790143656
grid_search,820,2,6.0,85.39020991325378,64.0,5632.29898793861,5681.376540728431
grid_search,821,1,5.0,79.71936893463135,64.0,5546.951461079164,5586.213503311021
grid_search,822,6,2.0,77.18206691741943,64.0,5320.37901691108,5369.456569700901
grid_search,823,4,7.0,81.40548396110535,64.0,5725.053481042725,5788.854299669493
grid_search,824,1,5.0,80.97277498245239,64.0,5502.655856333009,5541.917898564866
grid_search,825,6,0.0,77.36698579788208,64.0,5700.0086332515975,5739.270675483454
grid_search,826,1,5.0,80.2487440109253,64.0,5678.533467355591,5717.795509587448
grid_search,827,1,4.0,100.84248518943787,64.0,5457.633566566829,5491.987853519704
grid_search,828,1,5.0,96.57947897911072,64.0,5541.572895147613,5580.83493737947
grid_search,829,1,4.0,73.0653920173645,64.0,5772.754781545772,5807.109068498647
grid_search,830,7,4.0,77.03976202011108,64.0,5707.770998256212,5771.57181688298
grid_search,831,1,4.0,83.89352703094482,64.0,5531.627144985617,5565.981431938491
grid_search,832,6,5.0,79.08796000480652,64.0,5354.552424144532,5418.3532427713
grid_search,833,3,7.0,86.52852320671082,64.0,5795.683282182527,5854.576345530313
grid_search,834,2,4.0,83.81917190551758,64.0,5423.951672095176,5463.213714327033
grid_search,835,6,6.0,81.97042298316956,64.0,5630.522799191313,5699.231373097064
grid_search,836,1,4.0,80.62772488594055,64.0,5644.470616226303,5678.824903179177
grid_search,837,4,7.0,83.16075706481934,64.0,5637.164999241663,5700.965817868431
grid_search,838,3,5.0,83.40093803405762,64.0,5430.721583267812,5479.799136057633
grid_search,839,4,4.0,81.92120409011841,64.0,5454.190015496719,5503.26756828654
grid_search,840,3,4.0,79.82105588912964,64.0,5638.697588900128,5682.867386410967
grid_search,841,2,4.0,82.56353306770325,64.0,5701.163686580137,5740.425728811994
grid_search,842,3,4.0,95.90957903862,64.0,5400.886944951406,5445.056742462245
grid_search,843,1,4.0,82.10503602027893,64.0,5498.112713653013,5532.467000605888
grid_search,844,2,7.0,84.71049809455872,64.0,5439.951833538021,5493.937141606824
grid_search,845,2,5.0,93.04295897483826,64.0,5824.322913880876,5868.492711391715
grid_search,846,7,3.0,82.27824211120605,64.0,5481.969274040709,5540.862337388495
grid_search,847,5,6.0,92.86468005180359,64.0,5506.302771460166,5570.103590086934
grid_search,848,5,7.0,83.94806790351868,64.0,5724.947267248927,5793.655841154678
grid_search,849,2,6.0,90.39047908782959,64.0,5648.875635860098,5697.953188649919
grid_search,850,6,4.0,92.75975704193115,64.0,5457.593408204342,5516.486471552128
grid_search,851,1,5.0,87.0599889755249,64.0,5470.660434846166,5509.922477078023
grid_search,852,1,4.0,79.73264908790588,64.0,5734.1249624202,5768.479249373075
grid_search,853,1,5.0,90.42912817001343,64.0,5560.189453151944,5599.451495383801
grid_search,854,3,4.0,87.29827094078064,64.0,5589.144460228553,5633.314257739392
grid_search,855,3,4.0,84.85245108604431,64.0,5626.938765422942,5671.108562933781
grid_search,856,1,5.0,82.53924989700317,64.0,5674.311774037619,5713.573816269476
grid_search,857,5,4.0,85.07405495643616,64.0,5310.360160571164,5364.345468639967
grid_search,858,2,5.0,91.58761501312256,64.0,5322.664484019635,5366.834281530474
grid_search,859,5,5.0,84.06309509277344,64.0,5609.970150478513,5668.863213826298
grid_search,860,5,6.0,78.50933313369751,64.0,5551.118742590003,5614.919561216771
grid_search,861,1,5.0,77.70514011383057,64.0,5387.795936623897,5427.057978855754
grid_search,862,2,7.0,78.3897180557251,64.0,5487.471350427083,5541.456658495887
grid_search,863,1,4.0,79.03634190559387,64.0,5733.838146767745,5768.192433720619
grid_search,864,2,4.0,82.7690098285675,64.0,5480.05797261444,5519.3200148462965
grid_search,865,1,4.0,89.70865297317505,64.0,5477.478503091396,5511.832790044271
grid_search,866,1,4.0,85.35659003257751,64.0,5681.216474509239,5715.570761462113
grid_search,867,6,5.0,89.37316513061523,64.0,5652.741320131704,5716.542138758472
grid_search,868,1,5.0,82.81042718887329,64.0,5410.5324412346135,5449.79448346647
grid_search,869,1,5.0,101.80194807052612,64.0,5679.732450017217,5718.994492249074
grid_search,870,2,6.0,83.73596596717834,64.0,5552.750064333809,5601.82761712363
grid_search,871,3,7.0,103.05897188186646,64.0,5647.939528604775,5706.8325919525605
grid_search,872,1,4.0,88.78838300704956,64.0,5699.604324294368,5733.9586112472425
grid_search,873,2,4.0,90.92411303520203,64.0,5533.015617141301,5572.277659373158
grid_search,874,4,6.0,101.01085996627808,64.0,5907.8116605402465,5966.704723888032
grid_search,875,1,4.0,87.0582230091095,64.0,5610.189658937846,5644.54394589072
grid_search,876,5,7.0,93.7817919254303,64.0,5605.97635409886,5674.68492800461
grid_search,877,6,4.0,86.76413583755493,64.0,5511.794723847676,5570.687787195462
grid_search,878,4,7.0,93.78344106674194,64.0,5725.476945109545,5789.277763736313
grid_search,879,2,5.0,85.74073886871338,64.0,5829.289310731611,5873.45910824245
grid_search,880,4,7.0,89.78582382202148,64.0,5707.97951480222,5771.780333428988
grid_search,881,1,5.0,75.76617908477783,64.0,5386.841395096738,5426.103437328595
grid_search,882,2,6.0,88.45917987823486,64.0,5759.242827970283,5808.320380760104
grid_search,883,1,5.0,95.31287789344788,64.0,5498.093401281887,5537.355443513744
grid_search,884,4,7.0,97.15762495994568,64.0,5644.03795035421,5707.838768980978
grid_search,885,3,6.0,88.20044302940369,64.0,5634.452287082382,5688.437595151186
grid_search,886,2,4.0,82.68563604354858,64.0,5656.142986860912,5695.405029092769
grid_search,887,3,6.0,87.44826197624207,64.0,5810.242505882774,5864.227813951577
grid_search,888,1,4.0,78.02423620223999,64.0,5676.056399997918,5710.410686950792
grid_search,889,1,4.0,98.28215098381042,64.0,5577.390615929428,5611.744902882303
grid_search,890,4,4.0,124.16383385658264,64.0,5567.071189630011,5616.148742419832
grid_search,891,2,4.0,110.41043519973755,64.0,5687.184054883932,5726.446097115789
grid_search,892,6,0.0,93.02198600769043,64.0,5694.270331107835,5733.532373339692
grid_search,893,4,4.0,85.9271948337555,64.0,5372.872678056982,5421.950230846804
grid_search,894,1,4.0,86.62408494949341,64.0,5488.0543225426445,5522.408609495519
grid_search,895,6,3.0,88.87529301643372,64.0,5566.601057153519,5620.5863652223225
grid_search,896,1,5.0,92.81676197052002,64.0,5493.409128338071,5532.671170569928
grid_search,897,1,5.0,80.48287081718445,64.0,5575.462754444346,5614.7247966762025
grid_search,898,6,0.0,84.19323015213013,64.0,5561.663440558694,5600.925482790551
grid_search,899,6,6.0,78.89633703231812,64.0,5424.238055877865,5492.946629783615
grid_search,900,4,4.0,84.91416907310486,64.0,5430.769610802507,5479.847163592328
grid_search,901,1,4.0,81.18394613265991,64.0,5704.087268893538,5738.4415558464125
grid_search,902,1,5.0,85.0615451335907,64.0,5747.603564057839,5786.865606289696
grid_search,903,1,4.0,79.05130910873413,64.0,5698.549324148609,5732.903611101484
grid_search,904,3,5.0,90.76590704917908,64.0,5562.0934660178755,5611.171018807697
grid_search,905,1,4.0,80.45173788070679,64.0,5437.494659267467,5471.8489462203415
grid_search,906,1,4.0,80.05389595031738,64.0,5486.6303184147555,5520.98460536763
grid_search,907,6,2.0,73.5851640701294,64.0,5566.207964162388,5615.285516952209
grid_search,908,5,6.0,83.4637098312378,64.0,5486.3176799068,5550.118498533568
grid_search,909,6,4.0,84.86437177658081,64.0,5624.38824433661,5683.281307684396
grid_search,910,1,6.0,76.25174283981323,64.0,5628.545578261594,5672.715375772433
grid_search,911,1,4.0,77.12265992164612,64.0,5515.274252629809,5549.6285395826835
grid_search,912,6,6.0,85.66577816009521,64.0,5562.053269621555,5630.761843527305
grid_search,913,1,5.0,85.31409192085266,64.0,5342.807224365935,5382.069266597792
grid_search,914,3,6.0,84.98091912269592,64.0,5377.207889181543,5431.193197250346
grid_search,915,1,5.0,82.06139612197876,64.0,5641.045736293686,5680.307778525543
grid_search,916,5,7.0,82.82786297798157,64.0,5807.117607858131,5875.826181763881
grid_search,917,1,4.0,85.30959010124207,64.0,5527.804227529925,5562.1585144828
grid_search,918,3,4.0,77.50355982780457,64.0,5672.488630211456,5716.6584277222955
grid_search,919,5,6.0,87.9008219242096,64.0,5668.957055275656,5732.757873902424
grid_search,920,3,4.0,79.4214141368866,64.0,5784.4839760384275,5828.653773549267
grid_search,921,4,4.0,106.90284490585327,64.0,5407.234347184161,5456.311899973983
grid_search,922,1,5.0,80.51690411567688,64.0,5599.8157573670815,5639.077799598938
grid_search,923,1,5.0,82.34455800056458,64.0,5591.524068084805,5630.7861103166615
grid_search,924,1,4.0,82.98833107948303,64.0,5612.040509725262,5646.394796678137
grid_search,925,5,7.0,84.83907103538513,64.0,5491.693333679507,5560.4019075852575
grid_search,926,7,7.0,82.23216795921326,64.0,5702.473442695806,5780.997527159519
grid_search,927,1,5.0,86.40955805778503,64.0,5576.5463069957095,5615.808349227566
grid_search,928,1,4.0,84.47835803031921,64.0,5837.813615764516,5872.1679027173905
grid_search,929,7,2.0,81.89099192619324,64.0,5518.555897739085,5572.541205807888
grid_search,930,6,6.0,78.8003261089325,64.0,5635.092349643646,5703.800923549396
grid_search,931,2,4.0,89.92021489143372,64.0,5194.326233258045,5233.588275489902
grid_search,932,6,7.0,86.39696478843689,64.0,5572.592908054565,5646.209237239297
grid_search,933,2,4.0,84.45347189903259,64.0,5647.186200603767,5686.448242835624
grid_search,934,5,5.0,92.07041883468628,64.0,5403.020204487224,5461.91326783501
grid_search,935,5,2.0,84.49133014678955,64.0,5297.8027705042305,5341.97256801507
grid_search,936,5,1.0,88.17528104782104,64.0,5358.969869845858,5398.231912077715
grid_search,937,3,7.0,88.22562313079834,64.0,5650.677791579942,5709.570854927728
grid_search,938,1,5.0,90.37250399589539,64.0,5751.895488679441,5791.157530911298
grid_search,939,2,4.0,84.27412104606628,64.0,5739.644759846273,5778.90680207813
grid_search,940,1,7.0,86.55058002471924,64.0,5545.594481471017,5594.672034260839
grid_search,941,4,4.0,88.43924903869629,64.0,5345.253860473554,5394.331413263375
grid_search,942,2,4.0,87.31528997421265,64.0,5682.868118713754,5722.13016094561
grid_search,943,1,6.0,76.41423511505127,64.0,5382.898739398606,5427.068536909445
grid_search,944,1,4.0,87.01579904556274,64.0,5783.526727632328,5817.881014585203
grid_search,945,7,7.0,85.1065149307251,64.0,5522.035909455594,5600.559993919309
grid_search,946,6,7.0,85.2027359008789,64.0,5504.032376486279,5577.648705671011
grid_search,947,1,5.0,77.72143006324768,64.0,5743.3203695352095,5782.582411767066
grid_search,948,1,4.0,79.72050595283508,64.0,5333.56604189028,5367.9203288431545
grid_search,949,1,5.0,81.30192995071411,64.0,5583.471190284164,5622.7332325160205
grid_search,950,1,4.0,88.15824723243713,64.0,5575.887335604309,5610.241622557183
grid_search,951,1,5.0,83.49342513084412,64.0,5482.376262741878,5521.638304973735
grid_search,952,3,7.0,83.94056606292725,64.0,5474.353160893705,5533.24622424149
grid_search,953,1,4.0,83.63885307312012,64.0,5541.749013745117,5576.1033006979915
grid_search,954,3,4.0,87.06902599334717,64.0,5682.663649133821,5726.83344664466
grid_search,955,7,4.0,83.3269829750061,64.0,5576.159190565642,5639.96000919241
grid_search,956,1,4.0,92.99759984016418,64.0,5608.165251633855,5642.51953858673
grid_search,957,4,5.0,81.93516802787781,64.0,5696.511958946792,5750.497267015596
grid_search,958,7,5.0,91.19072103500366,64.0,5577.066834777214,5645.775408682965
grid_search,959,2,5.0,78.75107407569885,64.0,5489.666666528598,5533.8364640394375
grid_search,960,5,7.0,76.9785668849945,64.0,5563.871589189286,5632.580163095036
grid_search,961,5,3.0,83.63701009750366,64.0,5451.32088272252,5500.398435512341
grid_search,962,7,7.0,93.44997882843018,64.0,5301.206411759422,5379.730496223136
grid_search,963,1,5.0,78.19051003456116,64.0,5798.96548553606,5838.227527767917
grid_search,964,1,5.0,94.9706289768219,64.0,5592.99897553718,5632.261017769037
grid_search,965,7,3.0,88.1634590625763,64.0,5654.948097448218,5713.841160796003
grid_search,966,5,6.0,79.96021103858948,64.0,5439.102160741872,5502.9029793686395
grid_search,967,6,5.0,94.24556708335876,64.0,5597.5083855884695,5661.3092042152375
grid_search,968,1,4.0,90.40529990196228,64.0,5517.269205557506,5551.623492510381
grid_search,969,1,4.0,84.60398387908936,64.0,5738.514370311393,5772.868657264267
grid_search,970,2,5.0,87.13406205177307,64.0,5472.642051618395,5516.811849129234
grid_search,971,4,4.0,80.6756649017334,64.0,5344.404355858816,5393.481908648638
grid_search,972,3,7.0,80.80640697479248,64.0,5655.569617200326,5714.462680548112
grid_search,973,1,4.0,85.94163393974304,64.0,5393.296737141723,5427.651024094597
grid_search,974,1,6.0,83.75311088562012,64.0,5439.031741066296,5483.201538577135
grid_search,975,7,2.0,85.30251789093018,64.0,5471.373030729467,5525.358338798271
grid_search,976,7,5.0,82.38380813598633,64.0,5460.083788534061,5528.792362439811
grid_search,977,1,5.0,82.54333877563477,64.0,5537.2776275101405,5576.539669741997
grid_search,978,1,5.0,86.12885212898254,64.0,5670.66144428187,5709.923486513727
grid_search,979,4,5.0,79.34358406066895,64.0,5548.492778462645,5602.478086531449
grid_search,980,6,3.0,88.55520796775818,64.0,5680.434846920544,5734.420154989348
grid_search,981,2,4.0,83.67565107345581,64.0,5552.652793870635,5591.914836102492
grid_search,982,4,7.0,87.68019390106201,64.0,5625.275444250139,5689.076262876907
grid_search,983,1,4.0,103.04562783241272,64.0,5783.4638027110395,5817.818089663914
grid_search,984,4,5.0,78.84261703491211,64.0,5522.332825676889,5576.318133745693
grid_search,985,4,4.0,75.79603099822998,64.0,5903.906210269578,5952.983763059399
grid_search,986,1,5.0,81.05330896377563,64.0,5444.652175813101,5483.914218044958
grid_search,987,1,5.0,77.32211184501648,64.0,5527.329928978417,5566.591971210274
grid_search,988,1,4.0,75.44242310523987,64.0,5556.347594098475,5590.70188105135
grid_search,989,5,2.0,88.29286408424377,64.0,5715.881306200749,5760.051103711588
grid_search,990,5,5.0,81.56574702262878,64.0,5658.541533487635,5717.434596835421
grid_search,991,1,5.0,90.03179812431335,64.0,5308.294643666481,5347.5566858983375
grid_search,992,2,5.0,82.22436118125916,64.0,5604.268226751183,5648.438024262022
grid_search,993,2,6.0,84.75571584701538,64.0,5570.099674912661,5619.177227702482
grid_search,994,3,7.0,78.21362280845642,64.0,5645.7948437191935,5704.687907066979
grid_search,995,5,4.0,82.49706101417542,64.0,5721.745436198741,5775.730744267545
grid_search,996,4,4.0,79.47690296173096,64.0,5588.632928498238,5637.710481288059
grid_search,997,5,4.0,79.27561116218567,64.0,5638.607031087386,5692.592339156189
grid_search,998,1,6.0,81.78583908081055,64.0,5577.683862089678,5621.853659600517
grid_search,999,4,5.0,85.62672805786133,64.0,5469.295140178903,5523.280448247707
grid_search,1000,3,5.0,68.21571397781372,64.0,5792.718634334187,5841.796187124009